,compound_col,compound_name,structural_class,pubchem_cid,smiles,inchi,inchikey,molecular_formula,molecular_weight_pubchem,resolution_status,resolution_method
0,compound_lantadene_a,lantadene a,terpenoid,6436598,CC1(C)CC2=C(C(=O)O)C(C)(C)CC3(C)C2C(=O)CC4(C)C3CC=C5C6(C)CCC(OC(=O)C(=C)CC)C(C)(C)C6CCC54C)C1,"InChI=1S/C35H52O5/c1-10-21(2)28(37)40-27-20-30(3,4)19-23-22-11-12-25-32(7)15-14-26(36)31(5,6)24(32)13-16-34(25,9)33(22,8)17-18-35(23,27)29(38)39/h10-11,23-25,27H,12-20H2,1-9H3,(H,38,39)/b21-10-/t23-,24-,25+,27+,32-,33+,34+,35-/m0/s1",KCLIRHUTOPOHKJ-LSZVMECJSA-N,C35H52O5,552.8,RESOLVED,direct_name
1,compound_lantadene_b,lantadene b,terpenoid,15560077,CC(=O)OC1CCC2(C)C(CCC3(C)C2CC=C4C5(C)CCC(=O)C(C)(C)C5CCC43C)C1(C)C(=O)O,"InChI=1S/C35H52O5/c1-21(2)18-28(37)40-27-20-30(3,4)19-23-22-10-11-25-32(7)14-13-26(36)31(5,6)24(32)12-15-34(25,9)33(22,8)16-17-35(23,27)29(38)39/h10,18,23-25,27H,11-17,19-20H2,1-9H3,(H,38,39)/t23-,24-,25+,27+,32-,33+,34+,35-/m0/s1",VYPAPFHUHDWCBI-QQAPFUPGSA-N,C35H52O5,552.8,RESOLVED,direct_name
2,compound_lantadene_c,lantadene c,terpenoid,137381,CC1(C)CC2=C(C(=O)O)C(C)(C)CC3(C)C2C(=O)CC4(C)C3CC=C5C6(C)CCC(OC(=O)C(=CC)C)C(C)(C)C6CCC54C)C1,"InChI=1S/C35H54O5/c1-10-21(2)28(37)40-27-20-30(3,4)19-23-22-11-12-25-32(7)15-14-26(36)31(5,6)24(32)13-16-34(25,9)33(22,8)17-18-35(23,27)29(38)39/h11,21,23-25,27H,10,12-20H2,1-9H3,(H,38,39)/t21-,23+,24?,25+,27+,32-,33+,34+,35-/m0/s1",KVXZSWTXYDUXID-IXQBYEQGSA-N,C35H54O5,554.8,RESOLVED,direct_name
3,compound_lantadene_d,lantadene d,terpenoid,15143722,CC=C(C)C(=O)OC1CCC2(C)C(CCC3(C)C2CC=C4C5(C)CCC(=O)C(C)(C)C5CCC43C)C1(C)C(=O)O,"InChI=1S/C34H52O5/c1-20(2)27(36)39-26-19-29(3,4)18-22-21-10-11-24-31(7)14-13-25(35)30(5,6)23(31)12-15-33(24,9)32(21,8)16-17-34(22,26)28(37)38/h10,20,22-24,26H,11-19H2,1-9H3,(H,37,38)/t22-,23-,24+,26+,31-,32+,33+,34-/m0/s1",JJOWBVSGDGLUKQ-SBFMVFAKSA-N,C34H52O5,540.8,RESOLVED,direct_name
4,compound_icterogenin,icterogenin,terpenoid,45268134,CC1(C)CC2=C(C(=O)O)C(C)(C)CC3(C)C2C(=O)CC4(C)C3CC=C5C6(C)CCC(O)C(C)(C)C6CCC54C)C1,"InChI=1S/C35H52O6/c1-9-21(2)28(38)41-27-19-30(3,4)18-23-22-10-11-25-31(5)14-13-26(37)32(6,20-36)24(31)12-15-34(25,8)33(22,7)16-17-35(23,27)29(39)40/h9-10,23-25,27,36H,11-20H2,1-8H3,(H,39,40)/b21-9-/t23-,24-,25-,27-,31+,32-,33-,34-,35+/m1/s1",NZQARWYKOBSGNY-GGIHXLTRSA-N,C35H52O6,568.8,RESOLVED,direct_name
5,compound_luteolin,luteolin,flavonoid,5280445,C1=CC(=C(C=C1C2=CC(=O)C3=C(O2)C=C(C=C3O)O)O)O,"InChI=1S/C15H10O6/c16-8-4-11(19)15-12(20)6-13(21-14(15)5-8)7-1-2-9(17)10(18)3-7/h1-6,16-19H",IQPNAANSBPBGFQ-UHFFFAOYSA-N,C15H10O6,286.24,RESOLVED,direct_name
6,compound_hispidulin,hispidulin,flavonoid,5281628,COC1=C(C=C(C2=C1OC(=CC2=O)C3=CC=C(C=C3)O)O)O,"InChI=1S/C16H12O6/c1-21-16-11(19)7-13-14(15(16)20)10(18)6-12(22-13)8-2-4-9(17)5-3-8/h2-7,17,19-20H,1H3",IHFBPDAQLQOCBX-UHFFFAOYSA-N,C16H12O6,300.26,RESOLVED,direct_name
7,compound_quercetin,quercetin,flavonoid,5280343,C1=CC(=C(C=C1C2=C(C(=O)C3=C(O2)C=C(C=C3O)O)O)O)O,"InChI=1S/C15H10O7/c16-7-4-10(19)12-11(5-7)22-15(14(21)13(12)20)6-1-2-8(17)9(18)3-6/h1-5,16-19,21H",REFJWTPEDVJJIY-UHFFFAOYSA-N,C15H10O7,302.23,RESOLVED,direct_name
8,compound_kaempferol,kaempferol,flavonoid,5280863,C1=CC(=CC=C1C2=C(C(=O)C3=C(O2)C=C(C=C3O)O)O)O,"InChI=1S/C15H10O6/c16-8-3-1-7(2-4-8)15-14(20)13(19)12-10(18)5-9(17)6-11(12)21-15/h1-6,16-18,20H",IYRMWMYZSQPJKC-UHFFFAOYSA-N,C15H10O6,286.24,RESOLVED,direct_name
9,compound_caffeic_acid,caffeic acid,phenolic,689043,C1=CC(=C(C=C1C=CC(=O)O)O)O,"InChI=1S/C9H8O4/c10-7-3-1-6(5-8(7)11)2-4-9(12)13/h1-5,10-11H,(H,12,13)/b4-2+",QAIPRVGONGVQAS-DUXPYHPUSA-N,C9H8O4,180.16,RESOLVED,direct_name
10,compound_chlorogenic_acid,chlorogenic acid,phenolic,1794427,C1C(C(C(CC1(C(=O)O)O)OC(=O)C=CC2=CC(=C(C=C2)O)O)O)O,"InChI=1S/C16H18O9/c17-9-3-1-8(5-10(9)18)2-4-13(20)25-12-7-16(24,15(22)23)6-11(19)14(12)21/h1-5,11-12,14,17-19,21,24H,6-7H2,(H,22,23)/b4-2+/t11-,12-,14-,16+/m1/s1",CWVRJTMFETXNAD-JUHZACGLSA-N,C16H18O9,354.31,RESOLVED,direct_name
11,compound_caryophyllene,caryophyllene,terpenoid,5281515,CC1=CCCC2(C)CC(C(=C)C2CC1)C(=C)C,"InChI=1S/C15H24/c1-11-6-5-7-12(2)13-10-15(3,4)14(13)9-8-11/h6,13-14H,2,5,7-10H2,1,3-4H3/b11-6+/t13-,14-/m1/s1",NPNUFJAVOOONJE-GFUGXAQUSA-N,C15H24,204.35,RESOLVED,direct_name
12,compound_alpha_humulene,alpha humulene,terpenoid,5281520,CC1=CCC=C(C)CC=C(C)CC1,"InChI=1S/C15H24/c1-13-7-5-8-14(2)10-12-15(3,4)11-6-9-13/h6-7,10-11H,5,8-9,12H2,1-4H3/b11-6+,13-7+,14-10+",FAMPSKZZVDUYOS-HRGUGZIWSA-N,C15H24,204.35,RESOLVED,stripped_name
13,compound_alpha_pinene,alpha pinene,terpenoid,6654,CC1=CC2CC1C2(C)C,"InChI=1S/C10H16/c1-7-4-5-8-6-9(7)10(8,2)3/h4,8-9H,5-6H2,1-3H3",GRWFGVWFFZKLTI-UHFFFAOYSA-N,C10H16,136.23,RESOLVED,direct_name
14,compound_camphene,camphene,terpenoid,6616,CC1(C)C2CCC1(=C)CC2,"InChI=1S/C10H16/c1-7-8-4-5-9(6-8)10(7,2)3/h8-9H,1,4-6H2,2-3H3",CRPUJAZIXJMDBK-UHFFFAOYSA-N,C10H16,136.23,RESOLVED,direct_name
15,compound_linalool,linalool,terpenoid,6549,CC(=CCCC(C)(C=C)O)C,"InChI=1S/C10H18O/c1-5-10(4,11)8-6-7-9(2)3/h5,7,11H,1,6,8H2,2-4H3",CDOSHBSSFJOMGT-UHFFFAOYSA-N,C10H18O,154.25,RESOLVED,direct_name
