plant_species,plant_part,extraction_solvent,extraction_method,concentration_mg_per_ml,crop_species,crop_variety,germination_percent,root_length_mm,shoot_length_mm,total_phenolic_content_mg_gae_per_g,compound_data,incubation_temp_c,incubation_days,tds_mg_per_ml,notes,confidence,source_file,study_id,incability_days,inculation_days,extraction_concentration,effect_on_growth,effect_on_nematodes,reference,germination_percentage,hypocotyl_length,radicle_length,total_seedling_length,total_phenic_content_mg_gae_per_g,root_biomass,shoot_biomass,root_shoot_ratio,inc,total_phenolic_content,incubation_temp,tds,tds_mg,root_length,leaf_area,stomatal_conductance,leaf_length_mm,leaf_width_mm,flower_count,flower_size_mm,seeds_per_pod,pod_length_mm,pod_width_mm,pod_weight_g,seed_weight_g,seed_count,seed_maturity_days,seed_viability_percent,seed_harvest_time,seed_storage_time,seed_storage_conditions,seed_storage_temperature,seed_storage_humidity,seed_storage_moisture_content,seed_storage_chemicals,seed_storage_pests,seed_storage_disease,seed_storage_other,root_length_cm,root_mass_g,leaf_length,leaf_width,seed_weight,seed_size,seed_shape,seed_color,seed_maturity,seed_ripening,seed_harvest,seed_storage,seed_drying,seed_cleaning,seed_sowing,seed_growth,seed_germination,seed_viability,seed_health,seed_quality,seed_yield,seed_productivity,seed_resilience,seed_disease,root_diameter_mm,incianation_days,compound,activity
Lantana camara L.,leaf,distilled water,soaking in distilled water for 24h followed by filtration,,Solanum melongena,Navkiran,,,,,{},,,,Leaf extract of Lantana camara L. showed nematicidal activity against Meloidogyne incognita J2. Standard concentration (S) caused complete paralysis after 12h and 96% mortality after 48h. S/2 dilution caused 75% mortality at 48h. The extract reduced root-knot infection in eggplant cv. 'Navkiran' when applied to sterile sandy substrate.,0.0,091f200ba3e7.pdf,787b0166,,,,,,,,,,,,,,,,,,,,,,,,,,,,,,,,,,,,,,,,,,,,,,,,,,,,,,,,,,,,,,,,,,,,,,,,
Solanum melongena,leaves,aqueous,freeze-dried,,Solanum melongena,,,,,,{},,,,"L. camara aqueous leaf extract caused reversible paralysis of M. incognita J2 juveniles in vitro, with higher concentrations (S/10 to S) increasing immobility. The extract reduced nematode penetration in eggplant roots.",0.0,091f200ba3e7.pdf,787b0166,,,,,,,,,,,,,,,,,,,,,,,,,,,,,,,,,,,,,,,,,,,,,,,,,,,,,,,,,,,,,,,,,,,,,,,,
Lantana camara,leaf,,in vitro,,eggplant,,,,,,{},,,,"The leaf extract of Lantana camara demonstrated nematostatic activity against Meloidogyne incognita, likely through mechanisms such as paralysis and disruption of chemoreception pathways, as indicated by in vitro experiments. This finding offers a potential eco-friendly strategy for controlling root-knot nematodes without chemical pesticides.",0.0,091f200ba3e7.pdf,787b0166,,,,,,,,,,,,,,,,,,,,,,,,,,,,,,,,,,,,,,,,,,,,,,,,,,,,,,,,,,,,,,,,,,,,,,,,
Parthenium hysterophorus,leaves,,,,,,,,,,"{""parthenin"": ""sesquiterpene lactone"", ""hymenin"": ""sesquiterpene lactone"", ""ambrosin"": ""phytotoxic compound""}",,,,Parthenium hysterophorus is an invasive weed causing health issues and has medicinal properties,0.0,0521d927ea74.pdf,d6fb1e1a,,,,,,,,,,,,,,,,,,,,,,,,,,,,,,,,,,,,,,,,,,,,,,,,,,,,,,,,,,,,,,,,,,,,,,,,
Parthenium hysterophorus,leaves,chloroform,solvent extraction,,,,,,,,{},,,,"Invasive weed reducing pasture productivity by 90%, causes allelopathic effects through sesquiterpene lactones (e.g., parthenin), poses risks to livestock and biodiversity, and has been documented in Australian grazing lands.",0.0,0521d927ea74.pdf,d6fb1e1a,,,,,,,,,,,,,,,,,,,,,,,,,,,,,,,,,,,,,,,,,,,,,,,,,,,,,,,,,,,,,,,,,,,,,,,,
Parthenium hysterophorus,flowers,methanol,solvent extraction,,maize,,,,,,{},,,,"Parthenium hysterophorus has medicinal uses including antitumour activity, analgesic properties, and treatment of various ailments. It is also used in bioremediation for heavy metal removal and as a green manure.",0.0,0521d927ea74.pdf,d6fb1e1a,,,,,,,,,,,,,,,,,,,,,,,,,,,,,,,,,,,,,,,,,,,,,,,,,,,,,,,,,,,,,,,,,,,,,,,,
P. hysterophorus,powder,,batch,,Triticum aestivum L.,,,,,,{},,,,"Ajmal et al. (2006) studied the effect of P. hysterophorus green manure and EM (effective microorganisms), a biofertilizer, on wheat (Triticum aestivum L.) cultivation. Highest efficiency of dried powder of P. hysterophorus as an adsorbent for removing Cd(II) from waste water. Batch process was employed for adsorption of Cd(II) ions by dried and crushed mass of P. hysterophorus. Atomic absorption spectrophotometry (AAS) of the filtrates showed...",0.0,0521d927ea74.pdf,d6fb1e1a,,,,,,,,,,,,,,,,,,,,,,,,,,,,,,,,,,,,,,,,,,,,,,,,,,,,,,,,,,,,,,,,,,,,,,,,
Lantana camara L.,leaves,petroleum ether,saponification with aqueous potassium hydroxide,0.013,,,,,,,{},,,,Unsaponified petroleum ether extract of Lantana camara L. leaves showed antioxidant activity with IC50 of 13 μg/ml and 74.83% protection against oxidation in Rancimat test.,0.0,0e80f8bca717.html,66a58394,,,,,,,,,,,,,,,,,,,,,,,,,,,,,,,,,,,,,,,,,,,,,,,,,,,,,,,,,,,,,,,,,,,,,,,,
Acmella oleracea,,,in vitro bioassay,0.2,Calopogonium mucunoides,,,,,,{},,,,Crude extract of Acmella oleracea at 0.2 mg/mL inhibited >60% root growth of Calopogonium mucunoides in laboratory bioassay.,0.0,0e41db7fbf44.pdf,792516fe,,,,,,,,,,,,,,,,,,,,,,,,,,,,,,,,,,,,,,,,,,,,,,,,,,,,,,,,,,,,,,,,,,,,,,,,
Acmella oleracea (L.) R.K.Jansen,aerial parts,,,,Asteraceae,,,,,,{},,,,"Unpublished data on phytotoxic potential of Acmella oleracea (L.) R.K.Jansen and Sphagneticola trilobata (L.) Pruski; major chemical constituents include ent-kaurane diterpenes, eudesmane sesquiterpene lactones, and triterpenes.",0.0,0e41db7fbf44.pdf,792516fe,,,,,,,,,,,,,,,,,,,,,,,,,,,,,,,,,,,,,,,,,,,,,,,,,,,,,,,,,,,,,,,,,,,,,,,,
Acmella oleracea (L.) R.K.Jansen,leaves,Ethanol:Water (7:3 v/v),static maceration,,Lactuca sativa,,,,,,{},,,,Phytotoxic activity tested on Lactuca sativa and weeds Calopogonium mucunoides and Ipomoea purpurea using extracts from Acmella oleracea and Sphagneticola trilobata.,0.0,0e41db7fbf44.pdf,792516fe,,,,,,,,,,,,,,,,,,,,,,,,,,,,,,,,,,,,,,,,,,,,,,,,,,,,,,,,,,,,,,,,,,,,,,,,
Lactuca sativa,seeds,"hexane, dichloromethane, ethyl acetate",fractionation,,Lactuca sativa,,,,,,{},25.0,5.0,,,,0e41db7fbf44.pdf,792516fe,,,,,,,,,,,,,,,,,,,,,,,,,,,,,,,,,,,,,,,,,,,,,,,,,,,,,,,,,,,,,,,,,,,,,,,,
Eucalyptus globulus,leaves,water,aqueous extraction,,Hordeum vulgare,,,,,,{},,,,"Eucalyptus globulus leaf aqueous extract (5%, 10%, 25%) inhibited barley germination and seedling growth, reduced mitotic index to 5.09% at 25%, and caused 35.25% chromosome abnormalities compared to control (9.1% and 5.25%).",0.0,051d54e96acc.pdf,2b364b9d,,,,,,,,,,,,,,,,,,,,,,,,,,,,,,,,,,,,,,,,,,,,,,,,,,,,,,,,,,,,,,,,,,,,,,,,
Eucalyptus,leaves,distilled water,soaking for 12 hours at room temperature,,Hordeum vulgare,,,,,,{},,,,"Eucalyptus leaf extract (5-25% w/v) significantly reduced mitotic index and phase index in barley seeds, causing chromosomal abnormalities and inhibition of cell division.",0.0,051d54e96acc.pdf,2b364b9d,,,,,,,,,,,,,,,,,,,,,,,,,,,,,,,,,,,,,,,,,,,,,,,,,,,,,,,,,,,,,,,,,,,,,,,,
Eucalyptus globulus,leaves,water,aqueous extraction,,barley,,,,,,{},,,,Genotoxic effect of Eucalyptus globulus extract on barley interphase cells confirmed via micronucleus assay.,0.0,051d54e96acc.pdf,2b364b9d,,,,,,,,,,,,,,,,,,,,,,,,,,,,,,,,,,,,,,,,,,,,,,,,,,,,,,,,,,,,,,,,,,,,,,,,
,,,,,,,,,,,{},,,,,0.0,051d54e96acc.pdf,2b364b9d,,,,,,,,,,,,,,,,,,,,,,,,,,,,,,,,,,,,,,,,,,,,,,,,,,,,,,,,,,,,,,,,,,,,,,,,
Lantana camara,leaf,distilled water,"soaked in distilled water for 24 hours, filtered through Whatman no.1 filter paper",,tomato,,,,,,{},25.0,2.0,,In vitro nematicidal activity of Lantana camara leaf extract against Meloidogyne spp. juveniles at 100% concentration showed 98.6% mortality after 48 hours.,0.0,1179e3a2f27b.pdf,55839e70,,,,,,,,,,,,,,,,,,,,,,,,,,,,,,,,,,,,,,,,,,,,,,,,,,,,,,,,,,,,,,,,,,,,,,,,
U. europaeus and C. scoparius,flowering branches and flowers,n-pentane,continuous water distillation/solvent extraction,,Amaranthus retroflexus,redroot pigweed,,,,,{},,,,VOCs from U. europaeus and C. scoparius tested on weeds,0.0,1babd614b0e6.pdf,57e2d784,,,,,,,,,,,,,,,,,,,,,,,,,,,,,,,,,,,,,,,,,,,,,,,,,,,,,,,,,,,,,,,,,,,,,,,,
U. europaeus,flowering branches,,,,A. retroflexus,,,,,,{},,,,VOCs from U. europaeus flowering branches inhibited root length by 40% and shoot length by 30% of control (P<0.01),0.0,1babd614b0e6.pdf,57e2d784,,,,,,,,,,,,,,,,,,,,,,,,,,,,,,,,,,,,,,,,,,,,,,,,,,,,,,,,,,,,,,,,,,,,,,,,
Azadirachta indica,leaves,water,aqueous extraction,,,,,,,,{},,,,Neem extract used for pest control as per the study,0.0,14871ea58026.pdf,86b04861,,,,,,,,,,,,,,,,,,,,,,,,,,,,,,,,,,,,,,,,,,,,,,,,,,,,,,,,,,,,,,,,,,,,,,,,
,,,,,,,,,,,{},,,,,0.0,14871ea58026.pdf,86b04861,,,,,,,,,,,,,,,,,,,,,,,,,,,,,,,,,,,,,,,,,,,,,,,,,,,,,,,,,,,,,,,,,,,,,,,,
Lantana camara Linn.,Leaf,,Crude Extracts,,,,,,,,{},,,,Castor grey rot (Botrytis ricini ),0.0,14871ea58026.pdf,86b04861,,,,,,,,,,,,,,,,,,,,,,,,,,,,,,,,,,,,,,,,,,,,,,,,,,,,,,,,,,,,,,,,,,,,,,,,
Azadirachta indica A.Juss.,"Seed, Leaf",,Crude Extracts,,,,,,,,{},,,,Early blight of tomato,0.0,14871ea58026.pdf,86b04861,,,,,,,,,,,,,,,,,,,,,,,,,,,,,,,,,,,,,,,,,,,,,,,,,,,,,,,,,,,,,,,,,,,,,,,,
Calotropis procera (Ait.) R.Br.,Leaf,,Crude Extracts,,,,,,,,{},,,,Tikka leaf spot disease of groundnut,0.0,14871ea58026.pdf,86b04861,,,,,,,,,,,,,,,,,,,,,,,,,,,,,,,,,,,,,,,,,,,,,,,,,,,,,,,,,,,,,,,,,,,,,,,,
Azadirachta indica A.Juss.,Seed,,NSKE,,,,,,,,{},,,,Powdery mildew,0.0,14871ea58026.pdf,86b04861,,,,,,,,,,,,,,,,,,,,,,,,,,,,,,,,,,,,,,,,,,,,,,,,,,,,,,,,,,,,,,,,,,,,,,,,
Azadirachta indica A.Juss.,Leaf,,NSKE,,,,,,,,{},,,,Powdery mildew,0.0,14871ea58026.pdf,86b04861,,,,,,,,,,,,,,,,,,,,,,,,,,,,,,,,,,,,,,,,,,,,,,,,,,,,,,,,,,,,,,,,,,,,,,,,
Calotropis procera (Ait.) R.Br.,Leaf,,NSKE,,,,,,,,{},,,,Powdery mildew,0.0,14871ea58026.pdf,86b04861,,,,,,,,,,,,,,,,,,,,,,,,,,,,,,,,,,,,,,,,,,,,,,,,,,,,,,,,,,,,,,,,,,,,,,,,
Lantana camara,"leaves, stems, roots, fruits",,,,,,,,,,{},,,,"Lantana camara is a flowering ornamental plant in the Verbenaceae family with traditional uses including wound healing, skin treatments, and various pharmacological activities such as antioxidant, antimicrobial, anti-inflammatory, etc. It contains phytoconstituents like alkaloids, glycosides, saponins, steroids, terpenoids, flavonoids, and coumarins.",0.0,12f8311f470c.pdf,e215de49,,,,,,,,,,,,,,,,,,,,,,,,,,,,,,,,,,,,,,,,,,,,,,,,,,,,,,,,,,,,,,,,,,,,,,,,
Lantana camara,aerial parts,n-Hexane,maceration,,,,,,,,{},,,,"Lantana camara is a plant species used in traditional medicine with phytochemicals including flavonoids, alkaloids, and essential oils. It grows in disturbed areas and is utilized for furniture and brooms.",0.0,12f8311f470c.pdf,e215de49,,,,,,,,,,,,,,,,,,,,,,,,,,,,,,,,,,,,,,,,,,,,,,,,,,,,,,,,,,,,,,,,,,,,,,,,
Lantana camara,flowers,85% methanol,maceration,,,,,,,180.3,{},,,,"Lantana camara flowers extracted with 85% methanol showed highest total phenolic content (180.3 g GAE/g) and total flavonoid content (13.76 g CE/100g DW). Oleanolic acid detected via HPLC at 1.73, 2.44, 6.94 min. Phenolic acids (gallic acid, caffeic acid, p-coumaric acid) identified in chloroform and ethyl acetate fractions.",0.0,12f8311f470c.pdf,e215de49,,,,,,,,,,,,,,,,,,,,,,,,,,,,,,,,,,,,,,,,,,,,,,,,,,,,,,,,,,,,,,,,,,,,,,,,
L. camara,leaves,aqueous,in vivo,,,,,,,,{},,,,"Aqueous extract of L. camara leaves showed anti-hyperglycemic activity in alloxan-induced diabetic rats, increasing levels of alkaline phosphatase, alanine aminotransferase, and aspartate aminotransferase [61].",0.0,12f8311f470c.pdf,e215de49,,,,,,,,,,,,,,,,,,,,,,,,,,,,,,,,,,,,,,,,,,,,,,,,,,,,,,,,,,,,,,,,,,,,,,,,
Lantana camara,leaves,water,soil extract,,Maize,B73,,,,,{},,,,Allelopathic effect study on maize,0.0,0f33901d340f.html,c3ecf9b6,,,,,,,,,,,,,,,,,,,,,,,,,,,,,,,,,,,,,,,,,,,,,,,,,,,,,,,,,,,,,,,,,,,,,,,,
Lantana camara,leaves,water,aqueous extraction,,Brassica chinensis,,,,,,{},,,,"Lantana and Siam weed debris reduced germination and growth of crops in lab, greenhouse, and field studies. Lantana extract at 66.7 g/L decreased germination of Chinese cabbage, chilli, and rape.",0.0,0f33901d340f.html,c3ecf9b6,,,,,,,,,,,,,,,,,,,,,,,,,,,,,,,,,,,,,,,,,,,,,,,,,,,,,,,,,,,,,,,,,,,,,,,,
Tamarindus indica,leaf,water,soil extraction,,vegetables,,,,,,{},,,,Tamarindus indica leaf is a source of allelopathic substance,0.0,0f33901d340f.html,c3ecf9b6,,,,,,,,,,,,,,,,,,,,,,,,,,,,,,,,,,,,,,,,,,,,,,,,,,,,,,,,,,,,,,,,,,,,,,,,
Lantana camara,leaves,water,in vitro,,Oryza sativa,,,,,,{},,,,The Allelopathic Effects of Lantana camara on Seed Germination and Growth of Selected Bioassay Species,0.0,0f33901d340f.html,c3ecf9b6,,,,,,,,,,,,,,,,,,,,,,,,,,,,,,,,,,,,,,,,,,,,,,,,,,,,,,,,,,,,,,,,,,,,,,,,
"Lantana camara, Chromolaena odorata",,,,,,,,,,,{},,,,Allelopathic effect of Lantana (Lantana camara) and Siam Weed (Chromolaena odorata) on selected crops,0.0,0f33901d340f.html,c3ecf9b6,,,,,,,,,,,,,,,,,,,,,,,,,,,,,,,,,,,,,,,,,,,,,,,,,,,,,,,,,,,,,,,,,,,,,,,,
,,,,,,,,,,,{},,,,,0.0,0f33901d340f.html,c3ecf9b6,,,,,,,,,,,,,,,,,,,,,,,,,,,,,,,,,,,,,,,,,,,,,,,,,,,,,,,,,,,,,,,,,,,,,,,,
Lantana camara,flowers,,gas chromatography-mass spectrometry,,Lantana camara,,,,,,"{""isospathulenol"": ""docking_score: comparable""}",,,,Lantana camara floral essential oil contains caryophyllene (15.51%) and sabinene (14.90%). Isospathulenol shows promising docking with SOD1 for ALS treatment.,0.95,24d8bb59f5fa.pdf,f2394281,,,,,,,,,,,,,,,,,,,,,,,,,,,,,,,,,,,,,,,,,,,,,,,,,,,,,,,,,,,,,,,,,,,,,,,,
Lantana camara,flowers,water,hydro-distillation,,,,,,,,{},,,,,0.0,24d8bb59f5fa.pdf,f2394281,,,,,,,,,,,,,,,,,,,,,,,,,,,,,,,,,,,,,,,,,,,,,,,,,,,,,,,,,,,,,,,,,,,,,,,,
Lantanacamara,flowers,,GC-MS,,Lantanacamara,,,,,,"{""sabinene"": ""14.90%"", ""eucalyptol"": ""8.14%"", ""caryophyllene"": ""15.51%"", ""humulene"": ""7.69%""}",,,,"Yellow essential oil with yield 0.1% v/w. Contains 22 compounds (97.87%). Monoterpenes: 48.91%, Sesquiterpenes: 48.96%",0.0,24d8bb59f5fa.pdf,f2394281,,,,,,,,,,,,,,,,,,,,,,,,,,,,,,,,,,,,,,,,,,,,,,,,,,,,,,,,,,,,,,,,,,,,,,,,
Lantana camara,leaves,water,fresh leaf extraction,,Lactuca sativa,,,,,,{},,,,Lantana camara aqueous extracts significantly inhibited lettuce germination and seedling growth at elevated temperatures (22-30°C),0.95,27435466c82e.pdf,63d44692,,,,,,,,,,,,,,,,,,,,,,,,,,,,,,,,,,,,,,,,,,,,,,,,,,,,,,,,,,,,,,,,,,,,,,,,
L. camara,leaves,distilled water,soaking in darkness for 24 hours,100.0,Lactuca sativa,,,,,,{},22.0,24.0,,"Bioassay with L. camara leaves on lettuce seeds at 22, 26, and 30°C; leachate concentration 0.1 g/mL; germination and seedling growth measured over 7 days",0.0,27435466c82e.pdf,63d44692,,,,,,,,,,,,,,,,,,,,,,,,,,,,,,,,,,,,,,,,,,,,,,,,,,,,,,,,,,,,,,,,,,,,,,,,
L. camara,stem,water,leaching,,,,,,,,{},30.0,,,"At 30°C, stem length was four times higher and specific leaf area (SLA) increased by 22.1% compared to 22°C, enhancing photosynthesis and allelopathic effects, which may facilitate L. camara invasion.",0.0,27435466c82e.pdf,63d44692,,,,,,,,,,,,,,,,,,,,,,,,,,,,,,,,,,,,,,,,,,,,,,,,,,,,,,,,,,,,,,,,,,,,,,,,
Lantana camara L.,,,,,,,,,,,{},,,,"Lantana camara L. is one of the 100 worst invasive alien plant species in Nepal's agroecosystems, posing significant threats to biodiversity and agricultural production systems.",0.0,1fdd72789761.pdf,8cf44d27,,,,,,,,,,,,,,,,,,,,,,,,,,,,,,,,,,,,,,,,,,,,,,,,,,,,,,,,,,,,,,,,,,,,,,,,
Chromolaena odorata,,,,,,,,,,,{},,,,"Chromolaena odorata is an invasive species in Nepal that reduces native understory species and displaces them, leading to decreased biodiversity.",0.0,1fdd72789761.pdf,8cf44d27,,,,,,,,,,,,,,,,,,,,,,,,,,,,,,,,,,,,,,,,,,,,,,,,,,,,,,,,,,,,,,,,,,,,,,,,
Mikania micrantha,weeds,,,,,,,,,,{},,,,Harmful to rhino food supply,0.0,1fdd72789761.pdf,8cf44d27,,,,,,,,,,,,,,,,,,,,,,,,,,,,,,,,,,,,,,,,,,,,,,,,,,,,,,,,,,,,,,,,,,,,,,,,
,,,,,,,,,,,{},,,,"Invasive alien plant species (IAPS) reduce crop yields, forage value, and biodiversity. Examples include Chromolaena odorata, Parthenium hysterophorus, and Argemone maxicana. Management strategies involve legislation, integrated pest management (IPM), and biological control. Some species exhibit medicinal properties (e.g., Bidens pilosa has anti-malarial and antimicrobial effects).",0.0,1fdd72789761.pdf,8cf44d27,,,,,,,,,,,,,,,,,,,,,,,,,,,,,,,,,,,,,,,,,,,,,,,,,,,,,,,,,,,,,,,,,,,,,,,,
Lantana camara,leaf,water,,,Tomato,,,,,,{},,,,Lantana camara leaf extract (25gm/75ml w/v) tested at 25-100% concentration on Meloidogyne incognita nematode in tomato plants.,0.0,239cfea7f590.pdf,9e05e812,,,,,,,,,,,,,,,,,,,,,,,,,,,,,,,,,,,,,,,,,,,,,,,,,,,,,,,,,,,,,,,,,,,,,,,,
Lantana camara,leaf,distilled water,soaking in distilled water for 24 hours followed by centrifugation,,tomato,Pusa Ruby,,,,,{},,,,"Experiment conducted to study biochemical changes in tomato plants infected with Meloidogyne incognita when treated with Lantana camara leaf extracts. Extract prepared by soaking 25g fresh leaves in 75ml distilled water for 24h, centrifuged. Juveniles exposed to 25%, 50%, 75%, 100% extract concentrations for 24, 48, 72, 96h. Higher concentrations showed increased egg hatch inhibition and juvenile mortality.",0.0,239cfea7f590.pdf,9e05e812,,,,,,,,,,,,,,,,,,,,,,,,,,,,,,,,,,,,,,,,,,,,,,,,,,,,,,,,,,,,,,,,,,,,,,,,
Lantana camara,leaf,80% ethanol,ethanol extraction,,Solanum lycopersicum,,,,,,{},28.0,,,"L. camara leaf extracts at 25% concentration showed stimulatory effect on plant growth, while higher concentrations (75%, 100%) showed inhibitory effects. Highest PPO and phenol activity observed at 100% concentration.",0.0,239cfea7f590.pdf,9e05e812,,,,,,,,,,,,,,,,,,,,,,,,,,,,,,,,,,,,,,,,,,,,,,,,,,,,,,,,,,,,,,,,,,,,,,,,
Lantana camara,leaves,water,,,,,,,,,{},,,,,,239cfea7f590.pdf,9e05e812,,,50%,Increased plant height,Reduced nematode population,"Ali NI, Siddiqui IA, Zaki MJ, Shuakat SS. Nematicidal potential of Lantana camara against Meloidogyne javanica mungbean. Nematologia Mediterranea 2001;29:99-102.",,,,,,,,,,,,,,,,,,,,,,,,,,,,,,,,,,,,,,,,,,,,,,,,,,,,,,,,,,,,,,,,,,
Zea mays,seedlings,,,,Zea mays,L.,,,,,{},,,,Effects of allelochemical extracts from medicinal plants on physiological and biochemical mechanisms of maize (Zea mays L) seedlings.,0.0,239cfea7f590.pdf,9e05e812,,,,,,,,,,,,,,,,,,,,,,,,,,,,,,,,,,,,,,,,,,,,,,,,,,,,,,,,,,,,,,,,,,,,,,,,
Oryza sativa,,water,,,Oryza sativa,,76.67,,,,{},25.0,7.0,,Aqueous extract of Lantana camera leaf at 10% concentration inhibited germination of Oryza sativa with 23.33% inhibition rate (germination percentage 76.67%),0.0,2df62a0d7282.pdf,f4425cc3,,,,,,,,,,,,,,,,,,,,,,,,,,,,,,,,,,,,,,,,,,,,,,,,,,,,,,,,,,,,,,,,,,,,,,,,
Ageratum conyzoides L.,leaves and roots,distilled water,soaking in distilled water for 48 hours,,Oryza sativa,Sava,,,,,{},,,,Allelopathic effect of Ageratum conyzoides on rice varieties Sava and Geru,0.0,27959c57508c.pdf,c1ce796d,,,,,,,,,,,,,,,,,,,,,,,,,,,,,,,,,,,,,,,,,,,,,,,,,,,,,,,,,,,,,,,,,,,,,,,,
Oryza sativa,leaf,water,dry,,Oryza sativa,Sava,0,,,,{},,,,"Dry leaf extract (DLE) at 100% concentration caused complete inhibition (100%) in germination, shoot length, and root length for Sava variety.",0.0,27959c57508c.pdf,c1ce796d,,,,,,,,,,,,,,,,,,,,,,,,,,,,,,,,,,,,,,,,,,,,,,,,,,,,,,,,,,,,,,,,,,,,,,,,
A. conyzoides,root,water,fresh,,rice,,,,,,{},,,,The dry aqueous extracts reduced germination parameters with increasing concentration. Laboratory differences are insufficient to establish allelopathic effects; further field evaluation required.,0.0,27959c57508c.pdf,c1ce796d,,,,,,,,,,,,,,,,,,,,,,,,,,,,,,,,,,,,,,,,,,,,,,,,,,,,,,,,,,,,,,,,,,,,,,,,
Lantana camara,leaves,distilled water,filtration and centrifugation,,Avena sativa,,,,,,{},25.0,7.0,,"Study on phytotoxic effects of Lantana camara leaf extracts on Avena sativa seed germination and seedling growth. Extract concentrations tested: 0%, 2.5%, 5.0%, 7.5%, and 10% (v/v).",0.0,2c34ec81d4d7.pdf,a1c00fbe,,,,,,,,,,,,,,,,,,,,,,,,,,,,,,,,,,,,,,,,,,,,,,,,,,,,,,,,,,,,,,,,,,,,,,,,
Lantana camara,leaves,water,soaking,,Avena sativa,,,,,,{},20.0,,,Study on effects of L. camara extracts on Avena sativa seed germination,0.0,2c34ec81d4d7.pdf,a1c00fbe,,,,,,,,,,,,,,,,,,,,,,,,,,,,,,,,,,,,,,,,,,,,,,,,,,,,,,,,,,,,,,,,,,,,,,,,
Avena sativa,seeds,water,aqueous extraction,,Avena sativa,,78,,,,{},,,,"Avena sativa seeds exposed to Lantana camara leaf extract at 2.5%, 5%, 7.5%, and 10% (vv-1) concentrations during phase III of germination showed reduced germination percentages (78% control to 54%, 43%, 14%, 6% at increasing concentrations).",0.0,2c34ec81d4d7.pdf,a1c00fbe,,,,,,,,,,,,,,,,,,,,,,,,,,,,,,,,,,,,,,,,,,,,,,,,,,,,,,,,,,,,,,,,,,,,,,,,
,seeds,,,,,,,,,,{},,3.0,,"germination, there was a large increase in the MDA of their ability to form semiquinone radicals that levels at 72 h of germination (3.6 ± 0.1 μmol g-1), donate electrons to molecular oxygen, forming reactive oxygen species (Hammond-Kosak & Jones 1996). Conversely, the seeds removed from the extract within 48 h of germination had reduced MDA levels by 72 h of germination period of seed germination; however, there were...",0.0,2c34ec81d4d7.pdf,a1c00fbe,,,,,,,,,,,,,,,,,,,,,,,,,,,,,,,,,,,,,,,,,,,,,,,,,,,,,,,,,,,,,,,,,,,,,,,,
Ageratina adenophora,leaf,water,soaking,,Oryza sativa L.,6444,,,,,{},,15.0,,Inhibition increased with extract concentration; dry leaf extracts showed higher allelopathic impact than fresh extracts. Rice variety 6444 demonstrated resistance to Ageratina adenophora.,0.0,3082d2ad5887.pdf,9bdbfd62,,,,,,,,,,,,,,,,,,,,,,,,,,,,,,,,,,,,,,,,,,,,,,,,,,,,,,,,,,,,,,,,,,,,,,,,
Oryza sativa,leaf,water,,,,,,,,,{},,,,,0.95,3082d2ad5887.pdf,9bdbfd62,,,,,,,45.3,0.39,0.032,0.72,,,,,,,,,,,,,,,,,,,,,,,,,,,,,,,,,,,,,,,,,,,,,,,,,,,,,,,,,,,,,,
A. adenophora,leaves,,,,Oryza sativa,"6444, 2245",,,,,{},,,,"The present study showed suppressive effects of A. adenophora leaf extracts on germination, fresh weight, dry weight, relative water content, hypocotyl length, radicle length, total seedling length, and seed vigor index of rice varieties 6444 and 2245. Fresh and dry leaf extracts demonstrated stronger allelopathic activity compared to root extracts (Namvar et al., 29).",0.0,3082d2ad5887.pdf,9bdbfd62,,,,,,,,,,,,,,,,,,,,,,,,,,,,,,,,,,,,,,,,,,,,,,,,,,,,,,,,,,,,,,,,,,,,,,,,
Vernonia aemulans,leaves,ethanol,disc diffusion,,,,,,,,{},,,,"The ethanolic extract of Vernonia aemulans leaves showed antimicrobial activity against E. coli, B. subtilis, S. aureus, and S. typhimurium (inhibitory zones 3-26 mm) but not against S. cerevisiae (yeast used in beer fermentation).",0.0,33591051d75f.html,d96547b2,,,,,,,,,,,,,,,,,,,,,,,,,,,,,,,,,,,,,,,,,,,,,,,,,,,,,,,,,,,,,,,,,,,,,,,,
,,,,,,,,,,,{},,,,,0.0,33591051d75f.html,d96547b2,,,,,,,,,,,,,,,,,,,,,,,,,,,,,,,,,,,,,,,,,,,,,,,,,,,,,,,,,,,,,,,,,,,,,,,,
Vernonia aemulans,leaves,ethanol,soxhlet,,,,,,,,{},,,,Phytochemical analysis of Vernonia aemulans for antimicrobial activity in beverages,0.0,33591051d75f.html,d96547b2,,,,,,,,,,,,,,,,,,,,,,,,,,,,,,,,,,,,,,,,,,,,,,,,,,,,,,,,,,,,,,,,,,,,,,,,
Melilotus indica,whole plant,water,water extraction,50.0,wheat,wheat,81,,,,{},,,,,0.0,369ab99ebc4b.pdf,9e78c92b,,,,,,,,,,,,,,,,,,,,,,,,,,,,,,,,,,,,,,,,,,,,,,,,,,,,,,,,,,,,,,,,,,,,,,,,
Vicia sativa,leaves,distilled water,soaking at 1:20 w/v ratio for 24 hours,,Triticum aestivum L.,,,,,,{},,,,Study on allelopathic effect of Vicia sativa water extract on wheat germination and biomass production. Extract prepared by soaking plant material in distilled water at 1:20 w/v ratio for 24 hours.,0.0,369ab99ebc4b.pdf,9e78c92b,,,,,,,,,,,,,,,,,,,,,,,,,,,,,,,,,,,,,,,,,,,,,,,,,,,,,,,,,,,,,,,,,,,,,,,,
Melilotus indica,shoot,water,aqueous,2.5,,,,,,,{},,,,,,369ab99ebc4b.pdf,9e78c92b,,,,,,,,,,,,,29.0,,,,,,,,,,,,,,,,,,,,,,,,,,,,,,,,,,,,,,,,,,,,,,,,,,,,,,,,,,,
V. sativa,residues,,,,wheat,,,,,,{},,30.0,,"The effect of V. sativa residues with a 30-day decomposition period was statistically similar with a slightly lower effect. Root dry biomass (64%) production was hindered most by the allelopathic effect of V. sativa residues without any decomposition. Root/shoot ratio of wheat seedlings was decreased in response to weeds’ residues toxicity as compared to control. However, in some instances, there was also an increase in root/shoot ratio by the influence of weed. Source: Planta Daninha 2017; v35:e017167321",0.0,369ab99ebc4b.pdf,9e78c92b,,,,,,,,,,,,,,,,,,,,,,,,,,,,,,,,,,,,,,,,,,,,,,,,,,,,,,,,,,,,,,,,,,,,,,,,
Lantana camara,leaves,water,aqueous extraction,,Bidens pilosa,,,,,,"{""lantadene_a"": ""yes"", ""lantadene_b"": ""yes""}",,,,"The extract reduced germination speed index and seedling growth, caused abnormalities in geotropism and root development. Third germination phase was highly affected.",0.0,37f87f51bc77.pdf,251448b1,,,,,,,,,,,,,,,,,,,,,,,,,,,,,,,,,,,,,,,,,,,,,,,,,,,,,,,,,,,,,,,,,,,,,,,,
L. camara,leaves,water,dilution in water,,B. pilosa,,,,,,{},25.0,,,"Study on L. camara leaf extract effects on B. pilosa seed germination and seedling growth. Extract concentrations: 0%, 1.25%, 2.5%, 3.75%, 5.0% (v/v). Germination reduced in presence of extract. At 5% concentration, hypocotyl and radicle reduced by 26% and 45% in LAG population and by 24% and 47% in SMA population.",0.0,37f87f51bc77.pdf,251448b1,,,,,,,,,,,,,,,,,,,,,,,,,,,,,,,,,,,,,,,,,,,,,,,,,,,,,,,,,,,,,,,,,,,,,,,,
Bidens pilosa,seeds,aqueous,aqueous extraction,,Bidens pilosa,,,,,,{},,,,"Aqueous extract of Lantana camara leaves (0%, 1.25%, 2.5%, 3.75%, 5% v/v) applied to Bidens pilosa seeds, inhibiting germination and seedling growth.",0.0,37f87f51bc77.pdf,251448b1,,,,,,,,,,,,,,,,,,,,,,,,,,,,,,,,,,,,,,,,,,,,,,,,,,,,,,,,,,,,,,,,,,,,,,,,
,leaves,,Green synthesis using plant extracts,,,,,,,,{},,,,"Review article discussing green synthesis of silver nanoparticles from plant extracts for antimicrobial, antifungal, antiviral, and anticancer applications",0.0,3b551dc37693.pdf,e22e1ed5,,,,,,,,,,,,,,,,,,,,,,,,,,,,,,,,,,,,,,,,,,,,,,,,,,,,,,,,,,,,,,,,,,,,,,,,
Youngia japonica,leaves,water,green synthesis,,Youngia japonica,,,,,,{},,,,"Synthesized AgNPs from Youngia japonica leaves (60 mL extract + 10 mL AgNO3 at 60°C for 40 min) with average size 20 nm, spherical shape, antibacterial activity against lily stem pathogens.",0.0,3b551dc37693.pdf,e22e1ed5,,,,,,,,,,,,,,,,,,,,,,,,,,,,,,,,,,,,,,,,,,,,,,,,,,,,,,,,,,,,,,,,,,,,,,,,
Pimpinella anisum,seeds,,,,,,,,,,{},,,,"AgNPs synthesized from Pimpinella anisum seeds displayed antimicrobial activity against Escherichia coli, Staphylococcus aureus, Aspergillus flavus, and Candida albicans [48].",0.0,3b551dc37693.pdf,e22e1ed5,,,,,,,,,,,,,,,,,,,,,,,,,,,,,,,,,,,,,,,,,,,,,,,,,,,,,,,,,,,,,,,,,,,,,,,,
Lantana camara,leaves,,,,,,,,,,{},,,,"Lantana camara is a Category-I invasive weed in India with significant ecological impact. Its leaves are used in traditional medicine for treating hypertension, infections, and skin disorders. The plant also provides socio-economic benefits through soil conservation, biofuel production, and paper pulp. However, it poses health risks and can cause cattle mortality.",0.0,405e5715c28d.pdf,21002cfa,,,,,,,,,,,,,,,,,,,,,,,,,,,,,,,,,,,,,,,,,,,,,,,,,,,,,,,,,,,,,,,,,,,,,,,,
Lantana camara,leaves,,,,,,,,,,{},,,,"Lantana camara is an invasive species in India with active constituents in leaves exhibiting antimicrobial, fungicidal, insecticidal, nematicidal, and biocidal activities. It is utilized in traditional medicine, biofuels, and handicrafts. Current control methods have not eradicated it at the root level.",0.0,405e5715c28d.pdf,21002cfa,,,,,,,,,,,,,,,,,,,,,,,,,,,,,,,,,,,,,,,,,,,,,,,,,,,,,,,,,,,,,,,,,,,,,,,,
Lantana camara,leaves,water,leachate,,Eichhornia crassipes,,,,,,{},,,,"Saxena, M.K., 2000. Aqueous leachate of Lantana camara kills water hyacinth. Journal of Chemical Ecology 26, 2435–2447.",0.0,405e5715c28d.pdf,21002cfa,,,,,,,,,,,,,,,,,,,,,,,,,,,,,,,,,,,,,,,,,,,,,,,,,,,,,,,,,,,,,,,,,,,,,,,,
,,,,,,,,,,,{},,,,,0.0,410be39b1005.html,ff02cb29,,,,,,,,,,,,,,,,,,,,,,,,,,,,,,,,,,,,,,,,,,,,,,,,,,,,,,,,,,,,,,,,,,,,,,,,
Raphanus sativus,leaf,methanol,extraction,,Raphanus sativus,,,,,,{},,,,,0.0,47a9e5a823a9.pdf,0d274d01,,,,,,,,,,,,,,,,,,,,,,,,,,,,,,,,,,,,,,,,,,,,,,,,,,,,,,,,,,,,,,,,,,,,,,,,
Bambara groundnut,aerial parts,Methanol (80% v/v),"Orbital shaker (48h, 150 rpm, 24-26°C)",,Bambara groundnut,,,,,,{},,,,"The study evaluated the allelopathic effects of methanolic extracts from Parthenium hysterophorus aerial parts on Bambara groundnut, radish, sweet gourd, and other crops and weeds.",0.0,47a9e5a823a9.pdf,0d274d01,,,,,,,,,,,,,,,,,,,,,,,,,,,,,,,,,,,,,,,,,,,,,,,,,,,,,,,,,,,,,,,,,,,,,,,,
Parthenium hysterophorus,leaf,methanol,methanol extraction,25.0,cucumber,,76,,,,{},,7.0,,LC-MS analysis with methanol extraction; germination percentage at 25 g/L concentration,0.0,47a9e5a823a9.pdf,0d274d01,,,,,,,,,,,,,,,,,,,,,,,,,,,,,,,,,,,,,,,,,,,,,,,,,,,,,,,,,,,,,,,,,,,,,,,,
Sicyos deppei,whole plant,water,leaching,,Zea mays,,,,,,{},,,,This study tested the effect of aqueous leachates from Sicyos deppei on maize radicle growth and cytoplasmic protein synthesis patterns.,0.0,52861c38be39.html,5443751c,,,,,,,,,,,,,,,,,,,,,,,,,,,,,,,,,,,,,,,,,,,,,,,,,,,,,,,,,,,,,,,,,,,,,,,,
Sicyos deppei,,,,,Zea mays,,,,,,{},,,,References: 1997-2002 studies on phytochemical variability and allelopathic effects,0.0,52861c38be39.html,5443751c,,,,,,,,,,,,,,,,,,,,,,,,,,,,,,,,,,,,,,,,,,,,,,,,,,,,,,,,,,,,,,,,,,,,,,,,
Lantana camara,leaves,,air drying and milling,,,pink,,,,4.7,{},,,,"Study found Lantana camara leaves (pink, red, white varieties) have total phenolic content of 4.7 g/kg dry matter, with red and white varieties having twice the phenolic content of pink variety. The plant is safe for livestock in Zimbabwe as per the study.",0.0,418eaa438e71.pdf,e74e6da0,,,,,,,,,,,,,,,,,,,,,,,,,,,,,,,,,,,,,,,,,,,,,,,,,,,,,,,,,,,,,,,,,,,,,,,,
Lantana camara,leaves,70% aqueous acetone,Folin Ciocalteu method,,Lantana camara,"pink, red, white",,,,4.7,{},,,,,0.0,418eaa438e71.pdf,e74e6da0,,,,,,,,,,,,,,,,,,,,,,,,,,,,,,,,,,,,,,,,,,,,,,,,,,,,,,,,,,,,,,,,,,,,,,,,
Lantana camara,biomass,,,,Lantana camara,pink,,,,,{},,,,"Pink variety has low total phenolic compounds (0.09% for red, 1.26% for white) and high CP, making it suitable as protein supplement for ruminants.",0.0,418eaa438e71.pdf,e74e6da0,,,,,,,,,,,,,,,,,,,,,,,,,,,,,,,,,,,,,,,,,,,,,,,,,,,,,,,,,,,,,,,,,,,,,,,,
Lantana camara,leaves,ethanol,soxhlet,,,,,,,,"{""linalool"": 15.2, ""eugenol"": 12.8, ""camphor"": 8.5}",,,,Chemical composition of essential oil from Lantana camara leaves,0.8,418eaa438e71.pdf,e74e6da0,,,,,,,,,,,,,,,,,,,,,,,,,,,,,,,,,,,,,,,,,,,,,,,,,,,,,,,,,,,,,,,,,,,,,,,,
,,,,,,,,,,,{},,,,,0.0,527dd3d05a5a.pdf,c44ca11a,,,,,,,,,,,,,,,,,,,,,,,,,,,,,,,,,,,,,,,,,,,,,,,,,,,,,,,,,,,,,,,,,,,,,,,,
Cucumis sativus,roots,nutritive solution,exudation,,Cucumis sativus,,,,,,{},,,,"Benzoic and cinnamic acid are allelochemicals exuded by cucumber (Cucumis sativus), watermelon, and melon (Cucurbitaceae family). Cinnamic acid addition to nutritive solution caused oxidative stress in cucumber roots but not in Cucurbita ficifolia.",0.0,527dd3d05a5a.pdf,c44ca11a,,,,,,,,,,,,,,,,,,,,,,,,,,,,,,,,,,,,,,,,,,,,,,,,,,,,,,,,,,,,,,,,,,,,,,,,
Oryza sativa,root,water,soil extraction,,Oryza sativa,IR50404,,,,,{},,,,Momilactone B is a diterpenoid allelochemical in rice roots that inhibits weed growth.,0.0,527dd3d05a5a.pdf,c44ca11a,,,,,,,,,,,,,,,,,,,,,,,,,,,,,,,,,,,,,,,,,,,,,,,,,,,,,,,,,,,,,,,,,,,,,,,,
Sorghum,root exudates,hydrophobic,root exudates,,Sorghum,,,,,,"{""sorgoleone"": ""2-hydroxy-5-methoxy-3-[(8'Z,11'Z)-8',11',14'-pentadecatriene]-p-benzoquinone""}",,,,Sorgoleone is a hydrophobic benzoquinone compound found in sorghum root exudates that acts as an allelochemical to inhibit weed growth.,0.0,527dd3d05a5a.pdf,c44ca11a,,,,,,,,,,,,,,,,,,,,,,,,,,,,,,,,,,,,,,,,,,,,,,,,,,,,,,,,,,,,,,,,,,,,,,,,
Dalbergia sissoo,seeds,distilled water,soaking leaves in distilled water at 28°C for 25 days,,Dalbergia sissoo,,2.5,,23.0,,{},28.0,30.0,,Lantana camara leaf extract (40%) caused 2.5% germination in Dalbergia sissoo,0.0,5862b00a6751.pdf,c502c151,,,,,,,,,,,,,,,,,,,,,,,,,,,,,,,,,,,,,,,,,,,,,,,,,,,,,,,,,,,,,,,,,,,,,,,,
Dalbergia sissoo,leaf,aqueous,leachate,,,,85,14.0,23.0,,{},,,,Lantana camara leaf extract caused reduced germination in Dalbergia sissoo,0.0,5862b00a6751.pdf,c502c151,,,,,,,,,,,,,,,,,,,,,,,,,,,,,,,,,,,,,,,,,,,,,,,,,,,,,,,,,,,,,,,,,,,,,,,,
Lantana camara,leaves,acetone,cell free culture filtrate,0.1,Lantana camara,,,,,,{},,,,"Tenuazonic acid was identified as the active compound in the cell free culture filtrate of Alternaria alternata, showing maximum phytotoxicity at 100 µg/ml.",0.0,5313daa8b984.pdf,6f80ee51,,,,,,,,,,,,,,,,,,,,,,,,,,,,,,,,,,,,,,,,,,,,,,,,,,,,,,,,,,,,,,,,,,,,,,,,
Lantana camara,leaves,ethyl acetate,TLC,,Lantana camara,,,,,,{},26.0,21.0,,Phytotoxic fraction CFCF from A. alternata (21 days) showed maximum toxicity in L. camara seedlings,0.0,5313daa8b984.pdf,6f80ee51,,,,,,,,,,,,,,,,,,,,,,,,,,,,,,,,,,,,,,,,,,,,,,,,,,,,,,,,,,,,,,,,,,,,,,,,
L. camara,detached leaves,acetone,vacuum evaporation,0.1,L. camara,,,,,,"{""compound_name"": ""tenuazonic acid""}",26.0,,,"Phytotoxin tenuazonic acid from Alternaria alternata caused 95-100% plant death in detached L. camara leaves (Fig. 5, 7)",0.0,5313daa8b984.pdf,6f80ee51,,,,,,,,,,,,,,,,,,,,,,,,,,,,,,,,,,,,,,,,,,,,,,,,,,,,,,,,,,,,,,,,,,,,,,,,
Lantana camara,leaves and stems,water,filtration,,Lantana camara,,,,,,"{""compound"": ""tenuazonic acid""}",,,,"W badaniach oceniano fitotoksyczność bezkomórkowych filtratów kultur Alternaria alternata (CFCF) wobec szkodliwego chwastu Lantana camara. Wyniki badań przeprowadzonych na odciętych łodygach siewek oraz biotestu na odciętych liściach ujawniły obecność toksycznego metabolitu w filtracie, a także istotną redukcję zawartości chlorofilu i białka.",0.0,5313daa8b984.pdf,6f80ee51,,,,,,,,,,,,,,,,,,,,,,,,,,,,,,,,,,,,,,,,,,,,,,,,,,,,,,,,,,,,,,,,,,,,,,,,
,,,,,,,,,,,{},,,,,0.0,577e27183a88.pdf,0d2a8ac6,,,,,,,,,,,,,,,,,,,,,,,,,,,,,,,,,,,,,,,,,,,,,,,,,,,,,,,,,,,,,,,,,,,,,,,,
Lantana camara,,,,,Tree species,,,,,,{},,,,"Lantana camara cover percentage (low: 0-30%, medium: 31-60%, high: 61-100%) correlates with decline in tree populations in tropical dry deciduous forests of northern India.",0.0,577e27183a88.pdf,0d2a8ac6,,,,,,,,,,,,,,,,,,,,,,,,,,,,,,,,,,,,,,,,,,,,,,,,,,,,,,,,,,,,,,,,,,,,,,,,
Bauhinia racemosa Lam.,,,,,,,,,,,{},,,,,0.0,577e27183a88.pdf,0d2a8ac6,,,,,,,,,,,,,,,,,,,,,,,,,,,,,,,,,,,,,,,,,,,,,,,,,,,,,,,,,,,,,,,,,,,,,,,,
"Mesospherum suaveolens (L.) Kuntze, Lantana montevidensis (Spreng.) Briq., Lantana camara L., Tarenaya spinosa (Jacq.)",leaves,water,hydrodistillation,,Cereus jamacaru DC. subsp. jamacaru,,,,,,{},,,,"The study evaluated the allelopathic effect of essential oils from four plant species on the germination of Cereus jamacaru DC. subsp. jamacaru. Essential oils were extracted via hydrodistillation from the leaves of each species. The oils negatively affected germination in C. jamacaru, but specific quantitative metrics (e.g., germination percentages, root/shoot lengths, phenolic content) were not provided in the excerpt.",0.0,59dea6036695.pdf,44b3ed0b,,,,,,,,,,,,,,,,,,,,,,,,,,,,,,,,,,,,,,,,,,,,,,,,,,,,,,,,,,,,,,,,,,,,,,,,
Mesosphaerum suaveolens,seeds,chloroform,GC-MS,,Mesosphaerum suaveolens,,,,,,{},30.0,7.0,,Essential oil diluted in DMSO (1%); concentrations: 125-1000 μg/mL; germination assay at 30°C for 7 days,0.0,59dea6036695.pdf,44b3ed0b,,,,,,,,,,,,,,,,,,,,,,,,,,,,,,,,,,,,,,,,,,,,,,,,,,,,,,,,,,,,,,,,,,,,,,,,
,,,,1.09,,,,,,,"{""name"": ""Sabinene"", ""retention_index_1"": 976, ""retention_index_2"": 976, ""percentage"": 15.94, ""another_value"": 6.05}",,,,,0.0,59dea6036695.pdf,44b3ed0b,,,,,,,,,,,,,,,,,,,,,,,,,,,,,,,,,,,,,,,,,,,,,,,,,,,,,,,,,,,,,,,,,,,,,,,,
Lantana camara,leaves,methanolic,sandwich method,,wheat,Wafaq-2001,65,,,,{},,,,,0.0,594945fc209a.pdf,7b30de92,,,,,,,,,,,,,,,,,,,,,,,,,,,,,,,,,,,,,,,,,,,,,,,,,,,,,,,,,,,,,,,,,,,,,,,,
Lantana camara,leaf,methanol,shaking for 6 hours (repeated 3 times),,wheat,,,,,,{},,,,,0.0,594945fc209a.pdf,7b30de92,,,,,,,,,,,,,,,,,,,,,,,,,,,,,,,,,,,,,,,,,,,,,,,,,,,,,,,,,,,,,,,,,,,,,,,,
Parthenium hysterophorus,leaf,aqueous,aqueous extraction,,wheat and canola,,,,,,{},,,,Leaf extracts of Parthenium hysterophorus showed higher phytotoxicity against wheat and canola compared to whole plant and root extracts. Germination suppression was more pronounced in Petri dish conditions than in soil-based experiments. Phenolic content increased by 9-172% in wheat and 22-60% in canola.,0.0,59f06a093526.pdf,12a759c2,,,,,,,,,,,,,,,,,,,,,,,,,,,,,,,,,,,,,,,,,,,,,,,,,,,,,,,,,,,,,,,,,,,,,,,,
Parthenium,leaves,distilled water,soaking at 10g per 100mL for 24 hours at room temperature,,wheat,,,,,,{},,,,Leaf extract was more suppressive in wheat than whole plant and root extract at all concentrations.,0.0,59f06a093526.pdf,12a759c2,,,,,,,,,,,,,,,,,,,,,,,,,,,,,,,,,,,,,,,,,,,,,,,,,,,,,,,,,,,,,,,,,,,,,,,,
canola,whole plant,aqueous,in vitro,,canola,,56,,,,{},,,,"At 10% aqueous extract concentration, whole plant parthenium reduced final germination percentage (FGP) of canola by 44%.",0.0,59f06a093526.pdf,12a759c2,,,,,,,,,,,,,,,,,,,,,,,,,,,,,,,,,,,,,,,,,,,,,,,,,,,,,,,,,,,,,,,,,,,,,,,,
,,,,,,,,,,,{},,,,,0.0,5a47a852fc97.html,221c3767,,,,,,,,,,,,,,,,,,,,,,,,,,,,,,,,,,,,,,,,,,,,,,,,,,,,,,,,,,,,,,,,,,,,,,,,
,,,,,,,,,,,{},,,,Prasher et al. (2018) Silver nanoparticles as antimicrobial therapeutics: current perspectives and future challenges,0.0,5a47a852fc97.html,221c3767,,,,,,,,,,,,,,,,,,,,,,,,,,,,,,,,,,,,,,,,,,,,,,,,,,,,,,,,,,,,,,,,,,,,,,,,
Ageratina adenophora,leaf,water,dry,,Rice,Arize 6444,19,,,,{},,,,,,5a82e3db5d66.pdf,1b57c806,,,,,,,,,,,,,,,,,,,,,,,,,,,,,,,,,,,,,,,,,,,,,,,,,,,,,,,,,,,,,,,,,,,,,,,,
Oryza sativa L.,leaves,water,aqueous extraction,,Oryza sativa L.,Arize 6444,,,,,{},,,,,0.0,5a82e3db5d66.pdf,1b57c806,,,,,,,,,,,,,,,,,,,,,,,,,,,,,,,,,,,,,,,,,,,,,,,,,,,,,,,,,,,,,,,,,,,,,,,,
A. adenophora,leaf,water,soaking,,Oryza sativa,RV I,,,,,{},,,,A. adenophora leaf extracts reduced seed germination of rice varieties RV I and RV II; dry extracts showed stronger inhibition than fresh extracts.,0.0,5a82e3db5d66.pdf,1b57c806,,,,,,,,,,,,,,,,,,,,,,,,,,,,,,,,,,,,,,,,,,,,,,,,,,,,,,,,,,,,,,,,,,,,,,,,
maize,kernel,,,,,,,,,,{},,,,"Mycotoxins in West Africa: Maize and groundnuts are key substrates for aflatoxin contamination. Fumonisins are widespread in maize. Other contaminated products include dried yam chips, tiger nut, melon seeds, and stored herbal plants. Contamination favored by stress factors, late harvesting, high humidity, poor storage, and lack of awareness. Control measures include education, early harvesting, rapid drying, sorting, improved storage, smoking, insect control, and detoxification.",0.0,5c739faaca22.pdf,67bae415,,,,,,,,,,,,,,,,,,,,,,,,,,,,,,,,,,,,,,,,,,,,,,,,,,,,,,,,,,,,,,,,,,,,,,,,
Zea mays,kernel,,,,maize,,,,,,{},,,,Fumonisin B detected in 55 out of 108 maize samples from Nigeria with concentrations ranging from 65 to 1830 μg/kg (mean 390 μg/kg). Significant correlation found with aflatoxin levels.,0.85,5c739faaca22.pdf,67bae415,,,,,,,,,,,,,,,,,,,,,,,,,,,,,,,,,,,,,,,,,,,,,,,,,,,,,,,,,,,,,,,,,,,,,,,,
groundnuts,seeds,,,,groundnuts,Burkina Faso,,,,,{},,,,"Seeds of groundnuts from Burkina Faso inoculated with A.flavus excreted all the four major aflatoxins, which peaked at 170 ppb after 6 days.",0.0,5c739faaca22.pdf,67bae415,,,,,,,,,,,,,,,,,,,,,,,,,,,,,,,,,,,,,,,,,,,,,,,,,,,,,,,,,,,,,,,,,,,,,,,,
,,,,,,,,,,,{},,,,,0.0,5c739faaca22.pdf,67bae415,,,,,,,,,,,,,,,,,,,,,,,,,,,,,,,,,,,,,,,,,,,,,,,,,,,,,,,,,,,,,,,,,,,,,,,,
Phaseolus vulgaris L.,leaf,distilled water,dilution of ground L. camara powder in distilled water,80.0,Phaseolus vulgaris,Nasir,,,,,{},30.0,,,Lantana camara leaf extract at 80 mg/ml concentration significantly increased germination day from 7.67 to 10.33 days for Nasir genotype,0.0,5de8aa3abe53.pdf,8b662703,,,,,,,,,,,,,,,,,,,,,,,,,,,,,,,,,,,,,,,,,,,,,,,,,,,,,,,,,,,,,,,,,,,,,,,,
Phaseolus vulgaris L.,leaf,water,aqueous,26.67,Phaseolus vulgaris L.,Sosiad,86.11,,,,{},,,,,,5de8aa3abe53.pdf,8b662703,,,,,,,,,,,,,,,,,,,,,,,,,,,,,,,,,,,,,,,,,,,,,,,,,,,,,,,,,,,,,,,,,,,,,,,,
Phaseolus vulgaris L.,leaves,aqueous,aqueous extraction,,Phaseolus vulgaris L.,,,,,,{},,,,"L. camara leaf extract at higher concentrations inhibited germination, plumule length, shoot fresh weight, and germination index in haricot bean (P. vulgaris L.) genotypes.",0.0,5de8aa3abe53.pdf,8b662703,,,,,,,,,,,,,,,,,,,,,,,,,,,,,,,,,,,,,,,,,,,,,,,,,,,,,,,,,,,,,,,,,,,,,,,,
Plantago lagopus,,ethanolic,,,Lycopersicon esculentum,,,,,,{},,20.0,,Plantago lagopus extract (100 μg/ml) enhanced tomato growth and reduced Rhizoctonia solani disease index by 18.66% and 38.66%,0.0,617b12bc8ac4.pdf,29163a72,,,,,,,,,,,,,,,,,,,,,,,,,,,,,,,,,,,,,,,,,,,,,,,,,,,,,,,,,,,,,,,,,,,,,,,,
Plantago lagopus,leaves,ethanol,ethanol extraction,,Tomato,,,,,,"{""p-hydroxybenzoic"": ""detected"", ""chlorogenic"": ""detected"", ""gallic"": ""detected"", ""vanillic"": ""detected"", ""apigenin"": ""detected"", ""luteolin"": ""detected"", ""luteolin-7-O-glucoside"": ""detected""}",,,,,0.0,617b12bc8ac4.pdf,29163a72,,,,,,,,,,,,,,,,,,,,,,,,,,,,,,,,,,,,,,,,,,,,,,,,,,,,,,,,,,,,,,,,,,,,,,,,
Tomato,Roots,PDA,Food poisoning technique,0.01,Tomato,Peto 86,,,,,{},25.0,7.0,,P. lagopus extract at 10 μg/mL showed 100% inhibition of R. solani mycelial growth. Reduced disease index by 18.66% (protective treatment) and 38.66% (curative treatment) compared to control.,0.0,617b12bc8ac4.pdf,29163a72,,,,,,,,,,,,,,,,,,,,,,,,,,,,,,,,,,,,,,,,,,,,,,,,,,,,,,,,,,,,,,,,,,,,,,,,
tomato,whole plant,water,in vitro,,tomato,,,213.0,366.0,,"{""PR-1"": ""upregulated"", ""PR-2"": ""upregulated"", ""PR-3"": ""upregulated"", ""CHS"": ""upregulated""}",,,,"Greenhouse experiment showing significant growth enhancement in tomato plants (p ≤ 0.05) with P. lagopus extract. Extract treatment increased root length by 21.30 cm, shoot length by 36.60 cm, and chlorophyll SPAD value to 38.88.",0.95,617b12bc8ac4.pdf,29163a72,,,,,,,,,,,,,,,,,,,,,,,,,,,,,,,,,,,,,,,,,,,,,,,,,,,,,,,,,,,,,,,,,,,,,,,,
Cyperus difformis L.,shoots,distilled water,aqueous extraction,,Lactuca sativa L.,Isla,,,,,{},,,,"Aqueous extracts of Cyperus difformis L. showed allelopathic effects on lettuce germination and seedling growth, with highest impact at 100% concentration.",0.0,6ae9688623cc.pdf,1b860753,,,,,,,,,,,,,,,,,,,,,,,,,,,,,,,,,,,,,,,,,,,,,,,,,,,,,,,,,,,,,,,,,,,,,,,,
Commelina benghalensis,root,aqueous,extraction,,Lactuca sativa,,,,,,{},25.0,7.0,,Root length of Lactuca sativa reduced by 84.0% at 100% concentration of aqueous extracts,0.0,6ae9688623cc.pdf,1b860753,,,,,,,,,,,,,,,,,,,,,,,,,,,,,,,,,,,,,,,,,,,,,,,,,,,,,,,,,,,,,,,,,,,,,,,,
Cyperus difformis,seeds,aqueous,dilution,,Lactuca sativa,,,,,,{},,,,Cyperus difformis caused 69.4% reduction in fresh matter at 100% concentration,0.0,6ae9688623cc.pdf,1b860753,,,,,,,,,,,,,,,,,,,,,,,,,,,,,,,,,,,,,,,,,,,,,,,,,,,,,,,,,,,,,,,,,,,,,,,,
"Vicia faba, Typha angustifolia",roots,,,,,,,,,,{},,,,"This review article discusses the sources of lead contamination, its availability in the rhizosphere, uptake mechanisms by roots, and root defense strategies against lead stress. Lead is a toxic heavy metal that affects plant root growth and development.",0.0,6199c8fccb87.pdf,ce6123f8,,,,,,,,,,,,,,,,,,,,,,,,,,,,,,,,,,,,,,,,,,,,,,,,,,,,,,,,,,,,,,,,,,,,,,,,
,,,,,,,,,,,{},,,,,0.0,6199c8fccb87.pdf,ce6123f8,,,,,,,,,,,,,,,,,,,,,,,,,,,,,,,,,,,,,,,,,,,,,,,,,,,,,,,,,,,,,,,,,,,,,,,,
Carex pendula,root,wastewater,cell wall fraction,,Carex pendula,,,,,,{},,,,Wastewater; Yadav et al. (2011); binds to carboxyl groups of pectin in cell walls,0.0,6199c8fccb87.pdf,ce6123f8,,,,,,,,,,,,,,,,,,,,,,,,,,,,,,,,,,,,,,,,,,,,,,,,,,,,,,,,,,,,,,,,,,,,,,,,
Pisumsativum,roots,,,,Pisumsativum,,,,,,{},,,,"Pisumsativum roots produce high thiol peptides and show lead tolerance mechanisms including ROS production and Ca2+ accumulation. Roots of several species (e.g., Brassicaceae) accumulate Pb and are key for rhizofiltration.",0.0,6199c8fccb87.pdf,ce6123f8,,,,,,,,,,,,,,,,,,,,,,,,,,,,,,,,,,,,,,,,,,,,,,,,,,,,,,,,,,,,,,,,,,,,,,,,
Allium sativum,root meristematic cells,soil extract,cellular defense analysis,,Allium sativum,L.,,,,,{},,,,,,6199c8fccb87.pdf,ce6123f8,,,,,,,,,,,,,,,,,,,,,,,,,,,,,,,,,,,,,,,,,,,,,,,,,,,,,,,,,,,,,,,,,,,,,,,,
Arabidopsis thaliana,leaves,ethanol,soxhlet extraction,,Arabidopsis thaliana,Col-0,,,,,{},,,,fpls-04-00175 — 2013/6/5 — 12:04 — page 6 — #6,0.0,6199c8fccb87.pdf,ce6123f8,,,,,,,,,,,,,,,,,,,,,,,,,,,,,,,,,,,,,,,,,,,,,,,,,,,,,,,,,,,,,,,,,,,,,,,,
Lantana camara,leaf and stem,aqueous,soaked,,Oryza sativa,rice,,,,,{},,,,Comparative study on the effects of soaked and crushed Lantana camara extracts on Oryza sativa germination and early seedling growth,0.0,63ed0de62bd5.pdf,725c1ac2,,,,,,,,,,,,,,,,,,,,,,,,,,,,,,,,,,,,,,,,,,,,,,,,,,,,,,,,,,,,,,,,,,,,,,,,
L. camara,leaves,distilled water,crushed and soaked,,Oryza sativa,,93.4,,,,{},25.0,15.0,,Soaked leaf extract at 2.5% concentration inhibited rice germination by 6.6%,0.0,63ed0de62bd5.pdf,725c1ac2,,,,,,,,,,,,,,,,,,,,,,,,,,,,,,,,,,,,,,,,,,,,,,,,,,,,,,,,,,,,,,,,,,,,,,,,
,stem,,,,,,,,,,{},,,,"Biphasic effect: promotes growth at low concentrations (C3-C4) but inhibits at higher concentrations (C1-C2). C2 shows strongest root inhibition (14.7%), C3 strongest shoot inhibition (15.18%).",0.0,63ed0de62bd5.pdf,725c1ac2,,,,,,,,,,,,,,,,,,,,,,,,,,,,,,,,,,,,,,,,,,,,,,,,,,,,,,,,,,,,,,,,,,,,,,,,
728.81,1,728.81,IVS,65.0,157.0,58.11,4,104.74,242.0,,{},110.22,4.0,340.88,200.0,649.9,63ed0de62bd5.pdf,725c1ac2,,,,,,,,,,,,,,,,493.1,,,,,,,,,,,,,,,,,,,,,,,,,,,,,,,,,,,,,,,,,,,,,,,,,,,,,,,,
Lantana camara,,,,,,,,,,,{},,,,,0.0,674e5ea51e84.pdf,eee1e8d1,,,,,,,,,,,,,,,,,,,,,,,,,,,,,,,,,,,,,,,,,,,,,,,,,,,,,,,,,,,,,,,,,,,,,,,,
Prosopis juliflora,,,,,,,,,,,{},,,,"Perennial evergreen multipurpose dry land tree or shrub native to the Caribbean, North and South America. Introduced to Africa in 1822 in Senegal; South Africa (1880), Egypt (1900) and Kenya (1973). Introduced to Eritrea from Sudan in early 1980s. Introduced to Ethiopia in late 1970s at Goro nursery in Dire-Dawa. Planted over large areas until 1982, continued by Food for Work Programme from 1986 to 1988. Now commonly found in Afar, Oromia, Amhara, Somali, Dire-Dawa regions and Southern Nations and Nationalities. Now repeatedly reported as invasive in Afar Region and spreading to Rift Valley of Ethiopia.",0.0,674e5ea51e84.pdf,eee1e8d1,,,,,,,,,,,,,,,,,,,,,,,,,,,,,,,,,,,,,,,,,,,,,,,,,,,,,,,,,,,,,,,,,,,,,,,,
,,,,,,,,,,,{},,,,,0.0,674e5ea51e84.pdf,eee1e8d1,,,,,,,,,,,,,,,,,,,,,,,,,,,,,,,,,,,,,,,,,,,,,,,,,,,,,,,,,,,,,,,,,,,,,,,,
Parthenium hysterophorus,leaves,,,,Sorghum bicolor,,93,,,,{},,,,"Parthenium hysterophorus causes reduced germination in lettuce (93% emergence), allelopathic effects on crops, and impacts on livestock in Ethiopia.",0.0,674e5ea51e84.pdf,eee1e8d1,,,,,,,,,,,,,,,,,,,,,,,,,,,,,,,,,,,,,,,,,,,,,,,,,,,,,,,,,,,,,,,,,,,,,,,,
Prosopis juliflora,flowers,,,,,,,,,,{},,,,Prosopis is used for honey production from its flowers. Mechanical control is labor-intensive and expensive.,0.0,674e5ea51e84.pdf,eee1e8d1,,,,,,,,,,,,,,,,,,,,,,,,,,,,,,,,,,,,,,,,,,,,,,,,,,,,,,,,,,,,,,,,,,,,,,,,
Lantana camara,leaves,water,aqueous extraction,,,,,,,,{},29.0,,,"The study tested aqueous extracts of Lantana camara leaves on six popular agricultural crops in Bangladesh. The experiment was conducted in sterilized petridishes with a 24-hour photoperiod and an average temperature of 29°C. The results showed inhibitory effects on germination, root and shoot elongation, and lateral root development. The inhibitory effect increased with higher concentrations of the extract, though lower concentrations sometimes stimulated growth.",0.0,6e65712dd0d8.html,df2f3368,,,,,,,,,,,,,,,,,,,,,,,,,,,,,,,,,,,,,,,,,,,,,,,,,,,,,,,,,,,,,,,,,,,,,,,,
Lantana camara,leaves,water,soxhlet,,rice,Aman,,,,,{},,,,Allelopathic effects of Lantana camara on germination and growth behavior of some agricultural crops in Bangladesh,0.0,6e65712dd0d8.html,df2f3368,,,,,,,,,,,,,,,,,,,,,,,,,,,,,,,,,,,,,,,,,,,,,,,,,,,,,,,,,,,,,,,,,,,,,,,,
,,,,,,,,,,,{},,,,,0.0,6b83d36fa644.pdf,843ef76c,,,,,,,,,,,,,,,,,,,,,,,,,,,,,,,,,,,,,,,,,,,,,,,,,,,,,,,,,,,,,,,,,,,,,,,,
,,,,,,,,,,,{},,,,leachates was never done.,0.0,6b83d36fa644.pdf,843ef76c,,,,,,,,,,,,,,,,,,,,,,,,,,,,,,,,,,,,,,,,,,,,,,,,,,,,,,,,,,,,,,,,,,,,,,,,
Zostera marina,leaves,,,,,,,,,15.0,{},,,,Text discusses allelopathic interactions in marine organisms: Zostera marina leaves contain phenolic compounds (1.5% dry mass) that inhibit algae and bacteria; macroalgae like Plocamium hamatum produce monoterpenes; Nodularia harveyana exhibits allelopathic activity against cyanobacteria.,0.0,6b83d36fa644.pdf,843ef76c,,,,,,,,,,,,,,,,,,,,,,,,,,,,,,,,,,,,,,,,,,,,,,,,,,,,,,,,,,,,,,,,,,,,,,,,
Sinularia flexibilis,exudates,water,direct exudation,,Scleractinia,massive,,,,,"{""inhibitory_compounds"": ""terpenes""}",,,,"Soft corals (Sinularia flexibilis, Lobophytum hedleyi) inhibited growth and produced tissue necrosis in neighboring scleractinian corals due to exudation of inhibitory terpenes (Aceret et al., 1995).",0.0,6b83d36fa644.pdf,843ef76c,,,,,,,,,,,,,,,,,,,,,,,,,,,,,,,,,,,,,,,,,,,,,,,,,,,,,,,,,,,,,,,,,,,,,,,,
Lantana camara,leaf,none,dry powder preparation,,Triticum turgidum,,96.6,,,,{},,,,,,6f79d72a0bc6.html,2ce475b3,,,,,,,,,,,,,,,,,,,,,,,,,,,,,,,,,,,,,,,,,,,,,,,,,,,,,,,,,,,,,,,,,,,,,,,,
Lantana camara,leaf,none,dry powder preparation,,Zea mays,,53.33,,,,{},,,,,,6f79d72a0bc6.html,2ce475b3,,,,,,,,,,,,,,,,,,,,,,,,,,,,,,,,,,,,,,,,,,,,,,,,,,,,,,,,,,,,,,,,,,,,,,,,
,,,,,Soybean,,,,,,{},,,,"Allellopathic Impacts of Leaf Litters Decomposition from Intercrop Tree Species on Soybean (Zhang et al., 2015) in Advance Journal of Food Science and Technology, Vol. 7, Issue 12, pp. 971-976",0.0,6f79d72a0bc6.html,2ce475b3,,,,,,,,,,,,,,,,,,,,,,,,,,,,,,,,,,,,,,,,,,,,,,,,,,,,,,,,,,,,,,,,,,,,,,,,
,,,,,,,,,,,{},,,,,0.0,6f79d72a0bc6.html,2ce475b3,,,,,,,,,,,,,,,,,,,,,,,,,,,,,,,,,,,,,,,,,,,,,,,,,,,,,,,,,,,,,,,,,,,,,,,,
,,,,,,,,,,,{},,,,Identification and Characterization of FaFT1: A Homolog of FLOWERING LOCUS T from Strawberry,0.0,6f79d72a0bc6.html,2ce475b3,,,,,,,,,,,,,,,,,,,,,,,,,,,,,,,,,,,,,,,,,,,,,,,,,,,,,,,,,,,,,,,,,,,,,,,,
Lantana camara,Leaf,"Aqueous, Methanol, Ethyl acetate, Chloroform","Standard extraction method (Harborne, 1998; Nath et al., 2013)",,Sugarcane,,,,,,{},,,,"Crude and solvent extracts of Lantana camara leaf showed significant antifungal activity against Colletotrichum falcatum at concentrations of 2, 4, and 8 mg/mL, with higher inhibition observed at higher concentrations compared to standard fluconazole (15 μg/mL).",0.0,7a1b0a14bf13.pdf,6f2c77c0,,,,,,,,,,,,,,,,,,,,,,,,,,,,,,,,,,,,,,,,,,,,,,,,,,,,,,,,,,,,,,,,,,,,,,,,
Lantana camara,leaves,Methanol,solvent extraction,2.0,Saccharum,,,,,,{},,,,Lantana camara leaf extracts demonstrated dose-dependent inhibition of Colletotrichum falcatum with methanol extract showing MIC <2 mg/mL and MFC of 2 mg/mL.,0.0,7a1b0a14bf13.pdf,6f2c77c0,,,,,,,,,,,,,,,,,,,,,,,,,,,,,,,,,,,,,,,,,,,,,,,,,,,,,,,,,,,,,,,,,,,,,,,,
Lantana camara,leaves,water,aqueous extraction,,Sugarcane,,,,,,{},,,,Antifungal activity against Colletotrichum falcatum (Sugarcane red rot),0.0,7a1b0a14bf13.pdf,6f2c77c0,,,,,,,,,,,,,,,,,,,,,,,,,,,,,,,,,,,,,,,,,,,,,,,,,,,,,,,,,,,,,,,,,,,,,,,,
Lantana camara,leaves,,,,Alectryon subcinereus,,,,,,{},,,,"Field experiment in Australian forest communities. Lantana camara was physically removed (LR) at 10, 20, 30 seedlings m^-2. Germination increased significantly for Alectryon subcinereus.",0.0,7c06375f978f.html,c241a802,,,,,,,,,,,,,,,,,,,,,,,,,,,,,,,,,,,,,,,,,,,,,,,,,,,,,,,,,,,,,,,,,,,,,,,,
,,,,,,,,,,,{},,,,,0.0,7c06375f978f.html,c241a802,,,,,,,,,,,,,,,,,,,,,,,,,,,,,,,,,,,,,,,,,,,,,,,,,,,,,,,,,,,,,,,,,,,,,,,,
Lantana camara,leaves,water,soxhlet,,Lantana camara,L. camara,,,,,{},,,,Allelopathy study in Australian forest communities,0.0,7c06375f978f.html,c241a802,,,,,,,,,,,,,,,,,,,,,,,,,,,,,,,,,,,,,,,,,,,,,,,,,,,,,,,,,,,,,,,,,,,,,,,,
,,,,,,,,,,,{},,,,,0.0,7cae760aeffa.pdf,d9295989,,,,,,,,,,,,,,,,,,,,,,,,,,,,,,,,,,,,,,,,,,,,,,,,,,,,,,,,,,,,,,,,,,,,,,,,
Viburnum lantana and Viburnum opulus,fruit,80% acetone with petroleum ether (1:1) for carotenoids; methanol for polyphenols and flavonoids,Homogenization followed by solvent extraction,,,,,,,,{},,,,Carotenoids extracted with 80% acetone and petroleum ether (1:1); polyphenols and flavonoids determined in methanol extracts using Folin-Ciocalteu reagent and Polish Farmacopoeia methods respectively.,0.0,7cae760aeffa.pdf,d9295989,,,,,,,,,,,,,,,,,,,,,,,,,,,,,,,,,,,,,,,,,,,,,,,,,,,,,,,,,,,,,,,,,,,,,,,,
Viburnum opulus,fruit,,,,Viburnum,opulus,,,,,{},,,,"Fruit morphology data for Viburnum opulus: number of fruits in raceme (68.40±19.86), weight of 100 fruits (42.86±3.23 g), fruit length (11.85±0.74 mm), drupelet characteristics, and anatomical features",0.0,7cae760aeffa.pdf,d9295989,,,,,,,,,,,,,,,,,,,,,,,,,,,,,,,,,,,,,,,,,,,,,,,,,,,,,,,,,,,,,,,,,,,,,,,,
Lantana camara L.,,,,,,,,,,,{},,,,"Lantana camara L. is a hardy evergreen perennial shrub invasive in Ethiopia, posing threats to biodiversity, agricultural lands, human and animal health, and national parks. Hotspots include Debrezeit, Dire Dawa, Harar, and Somali regions. It spreads through human activities and natural disturbances, reducing native biodiversity and affecting irrigation systems.",0.0,86fb10d39359.pdf,307554c2,,,,,,,,,,,,,,,,,,,,,,,,,,,,,,,,,,,,,,,,,,,,,,,,,,,,,,,,,,,,,,,,,,,,,,,,
Lantana camara L.,,,,,,,,,,,{},,,,"Lantana camara L. is an invasive alien species in Ethiopia that has caused ecological, agricultural, and health issues. It spreads rapidly, affects biodiversity, reduces crop yields, and poses risks to human health through toxic fruits and harboring disease vectors like malaria and tsetse flies.",0.0,86fb10d39359.pdf,307554c2,,,,,,,,,,,,,,,,,,,,,,,,,,,,,,,,,,,,,,,,,,,,,,,,,,,,,,,,,,,,,,,,,,,,,,,,
Lantana camara L.,Leaves,,,,,,,,,,{},,,,"Lantana camara L. is a toxic plant in Ethiopia causing livestock toxicosis and infesting national parks. Traditional uses include treating headaches, vomiting, diarrhea, and fungal infections via oral and topical application of leaves.",0.0,86fb10d39359.pdf,307554c2,,,,,,,,,,,,,,,,,,,,,,,,,,,,,,,,,,,,,,,,,,,,,,,,,,,,,,,,,,,,,,,,,,,,,,,,
Lantana camara L.,seeds,,,,,,,,,,{},,,,matter) can increase Lantana camara L. germination (Gentle & Duggin 1997; Duggin & Gentle 1998). So care should be taken when utilizing this method for Lantana camara L. control and removal. The other limitation of 189,0.0,86fb10d39359.pdf,307554c2,,,,,,,,,,,,,,,,,,,,,,,,,,,,,,,,,,,,,,,,,,,,,,,,,,,,,,,,,,,,,,,,,,,,,,,,
Lantana camara,leaves,,,,,,,,,,{},,,,"Lantana camara leaves contain 23.3% crude protein, 15.7% ash, 88% dry matter, 4.4% crude fat, and 78.2% TDN. However, it is toxic to livestock due to pentacyclic triterpenoids (lantadenes) causing liver damage and photosensitivity. Goats are less resistant to lantadene toxicity compared to cattle, sheep, and buffalo.",0.0,88fa08cb2c02.pdf,7e34812d,,,,,,,,,,,,,,,,,,,,,,,,,,,,,,,,,,,,,,,,,,,,,,,,,,,,,,,,,,,,,,,,,,,,,,,,
Lantana camara,leaves,,,,,,,,,,{},,,,"L. camara leaves (23.3% crude protein) show potential as protein source for goats. Higher feed value than grain (9.3% crude protein). Contains anti-nutritional factors (phytate, tannins, oxalate) causing kidney necrosis and lung inflammation in goats. Recommended for controlled use in goat diets to manage invasive species.",0.0,88fa08cb2c02.pdf,7e34812d,,,,,,,,,,,,,,,,,,,,,,,,,,,,,,,,,,,,,,,,,,,,,,,,,,,,,,,,,,,,,,,,,,,,,,,,
Lantana camara,leaves,,,,Goat,,,,,,{},,,,"Review indicates that Lantana camara leaves have higher nutritional value compared to grain, with proximate compositions showing moisture content 11% and crude protein 9.3% for grain. Ash content is 12.63% and ADL 6.0%.",0.0,88fa08cb2c02.pdf,7e34812d,,,,,,,,,,,,,,,,,,,,,,,,,,,,,,,,,,,,,,,,,,,,,,,,,,,,,,,,,,,,,,,,,,,,,,,,
Lantana camara,leaves,70% methanol,maceration,,,,,,,9.16,{},,,,"Lantana camara leaves extract; 70% methanol, maceration method; TFC: 11.5±0.056 mg hydrated catechin equivalent/ml; TPC: 9.16±0.016 mg GAE/g; DPPH activity: 86.3±0.354%",0.0,8908b556acce.pdf,952e16a5,,,,,,,,,,,,,,,,,,,,,,,,,,,,,,,,,,,,,,,,,,,,,,,,,,,,,,,,,,,,,,,,,,,,,,,,
Lantana camara,leaves,methanol,soxhlet,,,,,,,,{},,,,Evaluation of antioxidant activity and total phenol in different varieties of Lantana camara leaves,0.0,8908b556acce.pdf,952e16a5,,,,,,,,,,,,,,,,,,,,,,,,,,,,,,,,,,,,,,,,,,,,,,,,,,,,,,,,,,,,,,,,,,,,,,,,
Rhazya stricta,leaf powder,,powdered,,,,,,,,{},,,,"Study by Anwar et al. on weedicidal potential of leaf powders of Rhazya stricta, Pinus roxburghii, Carica papaya, and Lantana camara against weeds. Concentrations: 10 and 50 mg leaf powder per 0.75 (w/v) agar, soil, and filter paper. Parameters: germination percentage, radicle length, plumule length.",0.0,8aae094b5503.pdf,40d7f900,,,,,,,,,,,,,,,,,,,,,,,,,,,,,,,,,,,,,,,,,,,,,,,,,,,,,,,,,,,,,,,,,,,,,,,,
Rhazya stricta Decne,leaves,dry powder,sandwich method,,Phalaris minor,minor,31,,,,{},,15.0,,Allelopathic effects on weeds,0.0,8aae094b5503.pdf,40d7f900,,,,,,,,,,,,,,,,,,,,,,,,,,,,,,,,,,,,,,,,,,,,,,,,,,,,,,,,,,,,,,,,,,,,,,,,
L. camara,seed,water,filter paper,10.0,C. album,C. album,58,91.6,0,0,{},25.0,7.0,0,Germination test with L. camara leaf powder at 10 mg concentration on filter paper,0.8,8aae094b5503.pdf,40d7f900,,,,,,,,,,,,,,,,,,,,,,,,,,,,,,,,,,,,,,,,,,,,,,,,,,,,,,,,,,,,,,,,,,,,,,,,
Adonis vernalis,root tips,water,water extraction,1.83,Triticum aestivum,,0,0,0,0,{},25.0,0.125,,,,937630ca295d.pdf,491ff1e0,,,,,,,,,,,,,,,,,,,,,,,,,,,,,,,,,,,,,,,,,,,,,,,,,,,,,,,,,,,,,,,,,,,,,,,,
Adonis vernalis,aerial parts,water,Hot Water,,Triticum aestivum,,,,,,{},,,,,0.0,937630ca295d.pdf,491ff1e0,,,,,,,,,,,,,,,,,,,,,,,,,,,,,,,,,,,,,,,,,,,,,,,,,,,,,,,,,,,,,,,,,,,,,,,,
Lantana camara,leaf,aqueous,Petri dish bioassay,,Abelmoschus esculentus,,54.6,,,,{},,,,Petri dish bioassay: Lantana camara leaf extract on Abelmoschus esculentus,0.0,93a6dd31b8af.html,09a72260,,,,,,,,,,,,,,,,,,,,,,,,,,,,,,,,,,,,,,,,,,,,,,,,,,,,,,,,,,,,,,,,,,,,,,,,
Orange,peel,water,plasmochemical extraction,,Citrus,,,,,,{},,,,Synthesis of silver nanoparticles using orange peel extract prepared by plasmochemical extraction method and degradation of methylene blue under solar irradiation,0.0,915e0522d79a.html,e0dd6615,,,,,,,,,,,,,,,,,,,,,,,,,,,,,,,,,,,,,,,,,,,,,,,,,,,,,,,,,,,,,,,,,,,,,,,,
,,,waste eggshell membrane-assisted synthesis,,,,,,,,{},,,,Waste eggshell membrane-assisted synthesis of magnetic CuFe2O4 nanomaterials for water remediation,0.0,915e0522d79a.html,e0dd6615,,,,,,,,,,,,,,,,,,,,,,,,,,,,,,,,,,,,,,,,,,,,,,,,,,,,,,,,,,,,,,,,,,,,,,,,
Allium cepa,peel,water,biological,,,,,,,,{},,,,,,915e0522d79a.html,e0dd6615,,,,,,,,,,,,,,,,,,,,,,,,,,,,,,,,,,,,,,,,,,,,,,,,,,,,,,,,,,,,,,,,,,,,,,,,
Cocos nucifera,shell,water,green synthesis,,Cocos nucifera,,,,,,{},,,,Synthesis of silver nanoparticles from coconut shell for antibacterial activity,0.0,915e0522d79a.html,e0dd6615,,,,,,,,,,,,,,,,,,,,,,,,,,,,,,,,,,,,,,,,,,,,,,,,,,,,,,,,,,,,,,,,,,,,,,,,
black currant,pomace,water,green synthesis,,,,,,,,{},,,,"Eco-friendly ‘green’ synthesis of silver nanoparticles with the black currant pomace extract and its antibacterial, electrochemical, and antioxidant activity.",0.0,915e0522d79a.html,e0dd6615,,,,,,,,,,,,,,,,,,,,,,,,,,,,,,,,,,,,,,,,,,,,,,,,,,,,,,,,,,,,,,,,,,,,,,,,
,,,,,,,,,,,{},,,,"Review article on green synthesis of nanoparticles from biodegradable waste extracts and their applications (Aswathi et al., 2023).",0.0,915e0522d79a.html,e0dd6615,,,,,,,,,,,,,,,,,,,,,,,,,,,,,,,,,,,,,,,,,,,,,,,,,,,,,,,,,,,,,,,,,,,,,,,,
Ageratum conyzoides,leaves,water,aqueous extraction,,cabbage,,,,,,{},,,,Used in Ghana as border plant for conservation biological control of cabbage pests and source of botanical insecticide (10% w/v aqueous extract).,0.0,983ccb6732ca.pdf,7341d11f,,,,,,,,,,,,,,,,,,,,,,,,,,,,,,,,,,,,,,,,,,,,,,,,,,,,,,,,,,,,,,,,,,,,,,,,
Ageratum conyzoides,,,,,,,,,,,{},,,,Field experiment in Ghana testing habitat manipulation plants for pest control,0.0,983ccb6732ca.pdf,7341d11f,,,,,,,,,,,,,,,,,,,,,,,,,,,,,,,,,,,,,,,,,,,,,,,,,,,,,,,,,,,,,,,,,,,,,,,,
,,,,,,,,,,,{},,,,,0.0,983ccb6732ca.pdf,7341d11f,,,,,,,,,,,,,,,,,,,,,,,,,,,,,,,,,,,,,,,,,,,,,,,,,,,,,,,,,,,,,,,,,,,,,,,,
Lantana camara,leaves and stems,"water, ethanol","water extraction (soaked in water for 3 days, filtered) and ethanol extraction (soxhlet apparatus)",,,,,,,,{},,,,"Lantana camara extracts (water and ethanol) showed antibacterial activity against 13 out of 15 pathogenic bacterial strains. Water solvent extracts inhibited Pseudomonas aeruginosa, Staphylococcus sp., Citrobacter frundi, Proteus sp., Bacillus subtilis, Enterobacter aerogenes, Salmonella paratyphie, Staphylococcus aureus, Shigella dysenteria. Ethanol extracts inhibited Pseudomonas aeruginosa, Staphylococcus sp., Bacillus subtilis, Bacillus cereus, Bacillus thuringiensis, Escherichia coli, Staphylococcus aureus, Proteus mirabilis.",0.0,a583e381e7e0.pdf,21a910f6,,,,,,,,,,,,,,,,,,,,,,,,,,,,,,,,,,,,,,,,,,,,,,,,,,,,,,,,,,,,,,,,,,,,,,,,
Lantana camara,leaves,ethanol,soxhlet extraction,10.5,Lantana camara,var. camara,,,,15.2,{},,,,"Antimicrobial activity against pathogenic fungi and bacteria (Shrestha Vaidya et al., 2009)",0.85,a583e381e7e0.pdf,21a910f6,,,,,,,,,,,,,,,,,,,,,,,,,,,,,,,,,,,,,,,,,,,,,,,,,,,,,,,,,,,,,,,,,,,,,,,,
,,,,,,,,,,,{},,,,,0.0,a84d2f69b47e.pdf,ce83d7ed,,,,,,,,,,,,,,,,,,,,,,,,,,,,,,,,,,,,,,,,,,,,,,,,,,,,,,,,,,,,,,,,,,,,,,,,
,,,,,,,,,,,{},,,,,0.0,a84d2f69b47e.pdf,ce83d7ed,,,,,,,,,,,,,,,,,,,,,,,,,,,,,,,,,,,,,,,,,,,,,,,,,,,,,,,,,,,,,,,,,,,,,,,,
essagaB,005,3.01,032.0,,taepocoC,5.01,,,,,{},,,,Theinfluenceofbiocharonpropertiesofsoils...,0.0,a84d2f69b47e.pdf,ce83d7ed,,,,,,,,,,,,,,,,,,,,,,,,,,,,,,,,,,,,,,,,,,,,,,,,,,,,,,,,,,,,,,,,,,,,,,,,
Cyperus rotundus,,,,,,,,,,,{},,,,"Review article on invasive noxious weeds in India, focusing on Cyperus rotundus, Eichhornia crassipes, and Lantana camara. Discusses their impact on crop yields, biodiversity, and management strategies.",0.0,ad75837abc59.pdf,5c72dfbe,,,,,,,,,,,,,,,,,,,,,,,,,,,,,,,,,,,,,,,,,,,,,,,,,,,,,,,,,,,,,,,,,,,,,,,,
Acanthospermum hispidum,seeds,,,,,,,,,,{},,,,"Invasive species in India, native to Brazil, spreads via seeds",0.0,ad75837abc59.pdf,5c72dfbe,,,,,,,,,,,,,,,,,,,,,,,,,,,,,,,,,,,,,,,,,,,,,,,,,,,,,,,,,,,,,,,,,,,,,,,,
Blumea obliqua,Seeds,,,,,,,,,,{},,,,,0.0,ad75837abc59.pdf,5c72dfbe,,,,,,,,,,,,,,,,,,,,,,,,,,,,,,,,,,,,,,,,,,,,,,,,,,,,,,,,,,,,,,,,,,,,,,,,
Mirabilis jalapa L.,Seeds,,,,,,,,,,{},,,,,0.0,ad75837abc59.pdf,5c72dfbe,,,,,,,,,,,,,,,,,,,,,,,,,,,,,,,,,,,,,,,,,,,,,,,,,,,,,,,,,,,,,,,,,,,,,,,,
,,,,,,,,,,,{},,,,,0.0,96e34b529651.html,38067db4,,,,,,,,,,,,,,,,,,,,,,,,,,,,,,,,,,,,,,,,,,,,,,,,,,,,,,,,,,,,,,,,,,,,,,,,
,,,,,,,,,,,{},,,,,0.0,96e34b529651.html,38067db4,,,,,,,,,,,,,,,,,,,,,,,,,,,,,,,,,,,,,,,,,,,,,,,,,,,,,,,,,,,,,,,,,,,,,,,,
,,,,,,,,,,,{},,,,,0.0,96e34b529651.html,38067db4,,,,,,,,,,,,,,,,,,,,,,,,,,,,,,,,,,,,,,,,,,,,,,,,,,,,,,,,,,,,,,,,,,,,,,,,
,,,,,,,,,,,{},,,,"Haramoto ER, Gallandt ER (2004) Brassica cover cropping for weed management: a review. Renew Agric Food Syst 19(4):187–198",0.0,96e34b529651.html,38067db4,,,,,,,,,,,,,,,,,,,,,,,,,,,,,,,,,,,,,,,,,,,,,,,,,,,,,,,,,,,,,,,,,,,,,,,,
,,,,,,,,,,,{},,,,,0.0,96e34b529651.html,38067db4,,,,,,,,,,,,,,,,,,,,,,,,,,,,,,,,,,,,,,,,,,,,,,,,,,,,,,,,,,,,,,,,,,,,,,,,
Oryza sativa,leaf,,,,Oryza sativa,,,,,,{},,,,Efficacy of leaf extracts in controlling leaf blast and brown spot in rice (Oryza sativa L.),0.0,96e34b529651.html,38067db4,,,,,,,,,,,,,,,,,,,,,,,,,,,,,,,,,,,,,,,,,,,,,,,,,,,,,,,,,,,,,,,,,,,,,,,,
,,,,,,,,,,,{},,,,,0.0,96e34b529651.html,38067db4,,,,,,,,,,,,,,,,,,,,,,,,,,,,,,,,,,,,,,,,,,,,,,,,,,,,,,,,,,,,,,,,,,,,,,,,
Sesamum indicum,seeds,ethanol,soxhlet extraction,,Oryza sativa,IR64,,,,,{},,,,Study on allelochemicals from sesame seeds affecting rice germination,0.0,96e34b529651.html,38067db4,,,,,,,,,,,,,,,,,,,,,,,,,,,,,,,,,,,,,,,,,,,,,,,,,,,,,,,,,,,,,,,,,,,,,,,,
Thespesia populnea,seedlings,aqueous,whole plant aqueous extract,,Thespesia populnea,,,,,,{},,,,,0.0,bb395a081d36.html,e2e70dda,,,,,,,,,,,,,,,,,,,,,,,,,,,,,,,,,,,,,,,,,,,,,,,,,,,,,,,,,,,,,,,,,,,,,,,,
,,,,,,,,,,,{},,,,,0.0,b3f0623e6775.pdf,f5a1c125,,,,,,,,,,,,,,,,,,,,,,,,,,,,,,,,,,,,,,,,,,,,,,,,,,,,,,,,,,,,,,,,,,,,,,,,
Juglans nigra,root,water,soil leachate,,Papaver rhoeas L.,,,,,,{},,,,"Juglone (5-hydroxy-1,4-napthoquinone) from black walnut (Juglans nigra) at concentrations of 1.15–5.74 mM controlled field poppy (Papaver rhoeas L.) and reduced growth of other weeds.",0.0,b3f0623e6775.pdf,f5a1c125,,,,,,,,,,,,,,,,,,,,,,,,,,,,,,,,,,,,,,,,,,,,,,,,,,,,,,,,,,,,,,,,,,,,,,,,
Cyperus iria L.,residues,water,water extraction,,Rice,,,,,,{},,,,"Flatsedge (Cyperus iria L.) residues contain phenolic acids such as p-hydroxybenzoic, p-coumaric, syringic, vanillic, ferulic, and o-hydroxyphenylacetic acids. These compounds inhibit paddy weed growth and increase rice yield. Water extracts show phytotoxic effects on weeds including morning glory (Ipomoea hederacea), velvetleaf (Abutilon theophrasti Medic.), and pitted morning glory (Ipomoea lacunosa L.).",0.0,b3f0623e6775.pdf,f5a1c125,,,,,,,,,,,,,,,,,,,,,,,,,,,,,,,,,,,,,,,,,,,,,,,,,,,,,,,,,,,,,,,,,,,,,,,,
Lantana camara,leaves,,GC/MS,,,,,,,,"{""germacrene D"": ""6.9%"", ""(E)-\u03b2-caryophyllene"": ""40.8%"", ""\u03b1-humulene"": ""21.2%"", ""sabinene"": ""9.0%"", ""bicyclogermacrene"": ""7.9%"", ""\u03b1-pinene"": ""4.4%"", ""\u03b2-elemene"": ""3.5%"", ""linalool"": ""0.4\u20131.9%"", ""sesquithuriferol"": ""0.3\u20131.7%"", ""spathulenol"": ""0.2\u20131.5%"", ""(E)-nerolidol"": ""0.0\u20131.0%"", ""\u03c4-cadinol"": ""0.0\u20131.0%""}",,,,"Lantana camara is widely used in traditional medicines and recognized for treating various ailments. Its essential oil (from leaves) contains compounds like germacrene D (6.9%), (E)-β-caryophyllene (40.8%), and others, contributing to antibacterial, anticancer, antifungal, and other therapeutic properties.",0.0,a5856d42509d.html,79718f28,,,,,,,,,,,,,,,,,,,,,,,,,,,,,,,,,,,,,,,,,,,,,,,,,,,,,,,,,,,,,,,,,,,,,,,,
Lantana camara,leaves,water,solvent extraction,,,,,,,,{},,,,Investigation of Lantana camara leaves for larvicidal activity,0.0,a5856d42509d.html,79718f28,,,,,,,,,,,,,,,,,,,,,,,,,,,,,,,,,,,,,,,,,,,,,,,,,,,,,,,,,,,,,,,,,,,,,,,,
Lantana camara,leaves,water,steam distillation,,,,,,,,{},,,,Antimicrobial activity of the essential oil of Lantana camara leaves. Reference: Kasali et al. (2002),0.0,a5856d42509d.html,79718f28,,,,,,,,,,,,,,,,,,,,,,,,,,,,,,,,,,,,,,,,,,,,,,,,,,,,,,,,,,,,,,,,,,,,,,,,
Lantana camara,leaves,,,,,,,,,,{},,,,,,a5856d42509d.html,79718f28,,,,,,,,,,,,,,,,,,,,,,,,,,,,,,,,,,,,,,,,,,,,,,,,,,,,,,,,,,,,,,,,,,,,,,,,
Lantana montevidensis,leaves,,,,,,,,,,{},,,,,,a5856d42509d.html,79718f28,,,,,,,,,,,,,,,,,,,,,,,,,,,,,,,,,,,,,,,,,,,,,,,,,,,,,,,,,,,,,,,,,,,,,,,,
Neopicrorhiza scrphulariiflora,roots,,,,,,,,,,{},,,,,,a5856d42509d.html,79718f28,,,,,,,,,,,,,,,,,,,,,,,,,,,,,,,,,,,,,,,,,,,,,,,,,,,,,,,,,,,,,,,,,,,,,,,,
Acer rubrum,leaves,,,,,,,,,,{},,,,,,a5856d42509d.html,79718f28,,,,,,,,,,,,,,,,,,,,,,,,,,,,,,,,,,,,,,,,,,,,,,,,,,,,,,,,,,,,,,,,,,,,,,,,
,,,,,,,,,,,{},,,,,0.0,a5856d42509d.html,79718f28,,,,,,,,,,,,,,,,,,,,,,,,,,,,,,,,,,,,,,,,,,,,,,,,,,,,,,,,,,,,,,,,,,,,,,,,
Lantana camara,leaves,ethanol,soxhlet extraction,,,,,,,,{},,,,Review paper on medicinal potential of Lantana camara: a comprehensive review of phytochemicals and therapeutic application,0.0,a5856d42509d.html,79718f28,,,,,,,,,,,,,,,,,,,,,,,,,,,,,,,,,,,,,,,,,,,,,,,,,,,,,,,,,,,,,,,,,,,,,,,,
,,,,,,,,,,,{},,,,,0.0,a5856d42509d.html,79718f28,,,,,,,,,,,,,,,,,,,,,,,,,,,,,,,,,,,,,,,,,,,,,,,,,,,,,,,,,,,,,,,,,,,,,,,,
Lantana camara L.,Roots,"CHCl3:MeOH (60:40, v/v)",Microwave-assisted extraction (MAE),,,,,,,,{},,,,Rapid extraction of oleanolic acid from Lantana camara roots using microwave-assisted extraction (MAE) and HPLC-PDA techniques,0.0,c10d15eca411.html,ff12a60e,,,,,,,,,,,,,,,,,,,,,,,,,,,,,,,,,,,,,,,,,,,,,,,,,,,,,,,,,,,,,,,,,,,,,,,,
,,,,,,,,,,,{},,,,,0.0,c10d15eca411.html,ff12a60e,,,,,,,,,,,,,,,,,,,,,,,,,,,,,,,,,,,,,,,,,,,,,,,,,,,,,,,,,,,,,,,,,,,,,,,,
,,,,,,,,,,,{},,,,,0.0,c10d15eca411.html,ff12a60e,,,,,,,,,,,,,,,,,,,,,,,,,,,,,,,,,,,,,,,,,,,,,,,,,,,,,,,,,,,,,,,,,,,,,,,,
,,,,,,,,,,,{},,,,,0.0,c10d15eca411.html,ff12a60e,,,,,,,,,,,,,,,,,,,,,,,,,,,,,,,,,,,,,,,,,,,,,,,,,,,,,,,,,,,,,,,,,,,,,,,,
Zea mays,seedling,water,immersion,,Zea mays,,56.67,,,,{},21.0,14.0,,"Lantana camara aqueous leaf extract at 50%, 75%, and 100% concentrations significantly inhibited maize seed germination compared to control (25% had no significant difference).",0.0,c35dcc6c32f6.pdf,d812c8c0,,,,,,,,,,,,,,,,,,,,,,,,,,,,,,,,,,,,,,,,,,,,,,,,,,,,,,,,,,,,,,,,,,,,,,,,
,,,,,,,,,,,{},,,,,,c35dcc6c32f6.pdf,d812c8c0,,,,,,,,,,,,,,,,,,,,,,,,,,,,,,,,,,,,,,,,,,,,,,,,,,,,,,,,,,,,,,,,,,,,,,,,
Lantana camara,seeds,,,,Centroma pubescens,,,,,,{},,,,Allelopathic effect of Lantana camara and Chromolaena odorata on germination and seedling growth of Centroma pubescens,0.0,c35dcc6c32f6.pdf,d812c8c0,,,,,,,,,,,,,,,,,,,,,,,,,,,,,,,,,,,,,,,,,,,,,,,,,,,,,,,,,,,,,,,,,,,,,,,,
Lantana camara,leaves,,,,Lolium multiflorum,,,,,,{},,,,Phytotoxic compounds isolated from Lantana camara inhibit growth of Lolium multiflorum.,0.0,c92561dd2f15.html,50a73ee7,,,,,,,,,,,,,,,,,,,,,,,,,,,,,,,,,,,,,,,,,,,,,,,,,,,,,,,,,,,,,,,,,,,,,,,,
Gymnema sylvestre,stem bark,ethanol,soxhlet,,Zea mays,,,,,,{},,,,Antifeedant activity against Sitophilus oryzae (L.),0.0,b63e01ad1ea1.html,bc6b383d,,,,,,,,,,,,,,,,,,,,,,,,,,,,,,,,,,,,,,,,,,,,,,,,,,,,,,,,,,,,,,,,,,,,,,,,
"Trachyspermum ammi, Anethum graveolens, Nigella sativa",essential oils,,,,,,,,,,{},,,,"Insecticidal activity of Trachyspermum ammi, Anethum graveolens, Nigella sativa essential oils against stored product beetle Tribolium castaneum",0.0,b63e01ad1ea1.html,bc6b383d,,,,,,,,,,,,,,,,,,,,,,,,,,,,,,,,,,,,,,,,,,,,,,,,,,,,,,,,,,,,,,,,,,,,,,,,
,,,,,,,,,,,{},,,,"Gomah EN, Sahar IAI (2011) Chemical composition and the insecticidal activity of certain plants applied as powders and essential oils against two stored products coleopteran beetles. J Pest Sci 84:393–402",0.0,b63e01ad1ea1.html,bc6b383d,,,,,,,,,,,,,,,,,,,,,,,,,,,,,,,,,,,,,,,,,,,,,,,,,,,,,,,,,,,,,,,,,,,,,,,,
,,,,,,,,,,,{},,,,,0.0,b63e01ad1ea1.html,bc6b383d,,,,,,,,,,,,,,,,,,,,,,,,,,,,,,,,,,,,,,,,,,,,,,,,,,,,,,,,,,,,,,,,,,,,,,,,
Lantana camera,leaves,water,powdering,,maize,Zea mays,,,,,{},,,,Insecticidal activity of Lantana camera leaves against stored grain insects,0.0,b63e01ad1ea1.html,bc6b383d,,,,,,,,,,,,,,,,,,,,,,,,,,,,,,,,,,,,,,,,,,,,,,,,,,,,,,,,,,,,,,,,,,,,,,,,
Chrysanthemum cinerariaefolium,petals,water,solvent extraction,,wheat,,,,,,{},,,,,,b63e01ad1ea1.html,bc6b383d,,,,,,,,,,,,,,,,,,,,,,,,,,,,,,,,,,,,,,,,,,,,,,,,,,,,,,,,,,,,,,,,,,,,,,,,
,,,,,,,,,,,{},,,,,0.0,b63e01ad1ea1.html,bc6b383d,,,,,,,,,,,,,,,,,,,,,,,,,,,,,,,,,,,,,,,,,,,,,,,,,,,,,,,,,,,,,,,,,,,,,,,,
,,,,,,,,,,,{},,,,,0.0,b63e01ad1ea1.html,bc6b383d,,,,,,,,,,,,,,,,,,,,,,,,,,,,,,,,,,,,,,,,,,,,,,,,,,,,,,,,,,,,,,,,,,,,,,,,
Capsicum annuum L.,seedling,,,,Chilli,Capsicum annuum L.,80,42.9,45.2,,{},,,,Carbendazim (8 ppm) seed treatment,0.0,c99cc6b6c9b9.pdf,bf0ff745,,,,,,,,,,,,,,,,,,,,,,,,,,,,,,,,,,,,,,,,,,,,,,,,,,,,,,,,,,,,,,,,,,,,,,,,
Lantana camara,,distilled water,heated at 100°C for 10 minutes,,Chilli,G-4,,,,,{},,,,"In vitro test of Trichoderma harzianum, Pseudomonas fluorescens, and Lantana camara extract against Pythium aphanidermatum in chilli (variety G-4). Germination percentage at 25 DAS: Carbendazim (80%), Lantana camara (76%), Trichoderma harzianum (64%), Pseudomonas fluorescens (60%). Conducted in Rabi season 2017-18.",0.0,c99cc6b6c9b9.pdf,bf0ff745,,,,,,,,,,,,,,,,,,,,,,,,,,,,,,,,,,,,,,,,,,,,,,,,,,,,,,,,,,,,,,,,,,,,,,,,
"Melinis minutiflora, Lantana camara",leaves,water,steam distillation,,,,,,,,{},,,,,0.0,ceea51a246d2.pdf,4ebc942a,,,,,,,,,,,,,,,,,,,,,,,,,,,,,,,,,,,,,,,,,,,,,,,,,,,,,,,,,,,,,,,,,,,,,,,,
Melinis minutiflora,partes aéreas,agua,destilación por arrastre de vapor,,,,,,,,{},,,,Estudio de extracción de aceites esenciales de Melinis minutiflora y Lantana camara mediante destilación por arrastre de vapor en Ecuador.,0.0,ceea51a246d2.pdf,4ebc942a,,,,,,,,,,,,,,,,,,,,,,,,,,,,,,,,,,,,,,,,,,,,,,,,,,,,,,,,,,,,,,,,,,,,,,,,
Melinis minutiflora,,,,,,,,,,,"{""1-tetradecanol"": 16.3, ""(E)-cariofileno"": 12.44, ""germacreno D"": 10.99, ""(E)-nerolidol"": 8.28, ""\u03b4-cadinene"": 5.61, ""\u03b1-humulene"": 5.36, ""viridiflorol"": 4.78, ""(Z)-\u03b2-farnesene"": 4.76}",,,,,,ceea51a246d2.pdf,4ebc942a,,,,,,,,,,,,,,,,,,,,,,,,,,,,,,,,,,,,,,,,,,,,,,,,,,,,,,,,,,,,,,,,,,,,,,,,
Lantana camara,hoja,,,,Lantana,camara,,,,,"{""(E)-caryophyllene"": ""15.5%"", ""germacreno B"": ""4.66%"", ""\u03b3-terpinene"": ""5.97%"", ""\u03b1-humulene"": ""9.92%"", ""biciclogermacreno"": ""12.21%""}",,,,Study by Iriarte et al. (2018) on Melinis minutiflora and Lantana camara,0.0,ceea51a246d2.pdf,4ebc942a,,,,,,,,,,,,,,,,,,,,,,,,,,,,,,,,,,,,,,,,,,,,,,,,,,,,,,,,,,,,,,,,,,,,,,,,
Lantana camara,,,,,India,,,,,,{},,,,"Invasive weed in India, covers 13.2 million ha of pasture lands, cost of control estimated at $70 per ha",0.0,d0a97eab94dc.pdf,f03bc4e4,,,,,,,,,,,,,,,,,,,,,,,,,,,,,,,,,,,,,,,,,,,,,,,,,,,,,,,,,,,,,,,,,,,,,,,,
Lantana camara,leaves,,,,,,,,,,{},,,,Lantana camara is a weed species with high biomass productivity in degraded lands. Germination rates range from 4-45%.,0.5,d0a97eab94dc.pdf,f03bc4e4,,,,,,,,,,,,,,,,,,,,,,,,,,,,,,,,,,,,,,,,,,,,,,,,,,,,,,,,,,,,,,,,,,,,,,,,
Lantana camara,,,,,,,,,,,{},,,,"Lantana camara is a highly invasive species in India, classified as one of the world's 100 most invasive species by IUCN. It exhibits high nitrogen retranslocation (73 kg ha⁻¹ yr⁻¹) and leaf litter with high nitrogen content, promoting faster decomposition and increased soil nitrogen availability. It has invaded 13.2 million hectares of pasture lands in India, with control costs estimated at $70 per hectare. This invasion leads to reduced biodiversity, human-wildlife conflicts, and damage to crops.",0.0,d0a97eab94dc.pdf,f03bc4e4,,,,,,,,,,,,,,,,,,,,,,,,,,,,,,,,,,,,,,,,,,,,,,,,,,,,,,,,,,,,,,,,,,,,,,,,
,,,,,,,,,,,{},,,,,0.0,d20c7dfb2003.pdf,25ae1358,,,,,,,,,,,,,,,,,,,,,,,,,,,,,,,,,,,,,,,,,,,,,,,,,,,,,,,,,,,,,,,,,,,,,,,,
A. indica,leaves,ethanol,leaf-dip,,cabbage,,,,,,{},,,,Ethanol extract of A. indica and M. azedarach showed antifeedant effect against P. brassicae larvae at 1-10% concentration.,,d20c7dfb2003.pdf,25ae1358,,,,,,,,,,,,,,,,,,,,,,,,,,,,,,,,,,,,,,,,,,,,,,,,,,,,,,,,,,,,,,,,,,,,,,,,
A. indica,leaves,petroleum ether,solvent extraction,10.0,cabbage,,0,0,0,0,{},0.0,0.0,0,100% protection to cabbage leaves against Henosepilachna vigintioctopunctata larvae using 1% petroleum ether extract,1.0,d20c7dfb2003.pdf,25ae1358,,,,,,,,,,,,,,,,,,,,,,,,,,,,,,,,,,,,,,,,,,,,,,,,,,,,,,,,,,,,,,,,,,,,,,,,
Moringa oleifera,leaf,methanol,crude extract,5.0,Solanum lycopersicum,,100.0,,,,{},,,,Antifungal efficacy of Moringa oleifera leaf extract against Botrytis cinerea (Solanum lycopersicum) using methanol extraction. Minimum inhibitory concentration (MIC) of 5 mg/ml and minimum fungicidal concentration (MFC) of 10 mg/ml. 100% spore germination inhibition at MIC.,0.0,cf9cfb676a9a.pdf,8992dfad,,,,,,,,,,,,,,,,,,,,,,,,,,,,,,,,,,,,,,,,,,,,,,,,,,,,,,,,,,,,,,,,,,,,,,,,
Moringa oleifera,leaf,methanol,mechanical shaking,,,,,,,,{},28.0,7.0,,"Study on Moringa oleifera methanol extract for antifungal activity against B. cinerea, with phytochemical analysis and ultrastructural studies.",0.0,cf9cfb676a9a.pdf,8992dfad,,,,,,,,,,,,,,,,,,,,,,,,,,,,,,,,,,,,,,,,,,,,,,,,,,,,,,,,,,,,,,,,,,,,,,,,
Moringa oleifera,leaves,methanol,methanolic extraction,,,,,,,,{},,,,"Phytochemical analysis of Moringa oleifera methanolic leaf extracts as per Ahmadu et al., 2021 study.",0.0,cf9cfb676a9a.pdf,8992dfad,,,,,,,,,,,,,,,,,,,,,,,,,,,,,,,,,,,,,,,,,,,,,,,,,,,,,,,,,,,,,,,,,,,,,,,,
Momordica oleifera,leaf,methanol,direct extraction,,,,,,,,{},,,,M. oleifera leaf extract (methanol) showed highest extraction yield (14.16%) and highest antifungal activity (>99% inhibition against B. cinerea isolates).,0.0,cf9cfb676a9a.pdf,8992dfad,,,,,,,,,,,,,,,,,,,,,,,,,,,,,,,,,,,,,,,,,,,,,,,,,,,,,,,,,,,,,,,,,,,,,,,,
Lantana camara,leaves,water,soxhlet,,Lantana camara,,,,,,{},,,,Study on Lantana camara invasion dynamics in Southeast Queensland rainforests,0.0,d442409ef7d9.html,2ea99824,,,,,,,,,,,,,,,,,,,,,,,,,,,,,,,,,,,,,,,,,,,,,,,,,,,,,,,,,,,,,,,,,,,,,,,,
Lantana camara,seeds,,,,,,,,,,{},,,,Lantana camara is restricted to canopy gaps in intact rainforests of southeast Queensland. Native seeds show higher germination under rainforest canopies than lantana. Lantana seedlings have higher survival in secondary forests but rainforest suppresses lantana expansion due to shading and canopy species effects. Lantana requires >75% canopy openness to thrive; intact rainforests maintain >75% shading preventing lantana encroachment.,0.0,d442409ef7d9.html,2ea99824,,,,,,,,,,,,,,,,,,,,,,,,,,,,,,,,,,,,,,,,,,,,,,,,,,,,,,,,,,,,,,,,,,,,,,,,
Lantana,,,,,,,,,,,{},,,,PhD thesis on Lantana invasive species in Southeast Queensland vegetation (DOI: 10.25904/1912/293),0.0,d442409ef7d9.html,2ea99824,,,,,,,,,,,,,,,,,,,,,,,,,,,,,,,,,,,,,,,,,,,,,,,,,,,,,,,,,,,,,,,,,,,,,,,,
Lantana camara,,"ethyl acetate, ethanol",Soxhlet,,,,,,,,"{""ergosta-4,6,8(14),22-tetraen-3-one"": ""C1"", ""fatty acids"": ""identified""}",,,,"Corynespora cassiicola (RWB 01 isolate) cultivated on rice plastic bags. Crude extracts CAE (ethyl acetate) and CE (ethanol) produced. Most active extract (CAE) isolated to ergosta-4,6,8(14),22-tetraen-3-one (C1) and fatty acids. C1 reduced ATP synthesis in spinach chloroplasts.",0.0,da97445ebdec.pdf,350e815a,,,,,,,,,,,,,,,,,,,,,,,,,,,,,,,,,,,,,,,,,,,,,,,,,,,,,,,,,,,,,,,,,,,,,,,,
Lantana camara,leaves,ethyl acetate,chromatographic fractionation,,Lantana camara,,,,,,{},25.0,7.0,,"Histopathological observations of Lantana camara after inoculation with Corynespora cassiicola conidia; isolation of compound C1 (ergosta-4,6,8(14),22-tetraen-3-one)",0.0,da97445ebdec.pdf,350e815a,,,,,,,,,,,,,,,,,,,,,,,,,,,,,,,,,,,,,,,,,,,,,,,,,,,,,,,,,,,,,,,,,,,,,,,,
Lantana camara,shrub,,,,Lantana camara,,,,,,{},,,,"Soil pH, total nitrogen, organic carbon, phosphorus, and potassium positively influenced Lantana camara growth, enhancing soil nutrient levels and increasing invasion potential.",0.0,d5969ff16dc5.pdf,e3712bea,,,,,,,,,,,,,,,,,,,,,,,,,,,,,,,,,,,,,,,,,,,,,,,,,,,,,,,,,,,,,,,,,,,,,,,,
Lantana camara,,,,,Shorea robusta,,,,,,{},,,,"Study on Lantana camara invasion in Doon valley, India. Lantana camara is an invasive species that affects native vegetation, modifies soil properties, and is facilitated by nutrient enrichment in the valley's soil.",0.0,d5969ff16dc5.pdf,e3712bea,,,,,,,,,,,,,,,,,,,,,,,,,,,,,,,,,,,,,,,,,,,,,,,,,,,,,,,,,,,,,,,,,,,,,,,,
,,,,,,,,,,,{},,,,,0.0,d5969ff16dc5.pdf,e3712bea,,,,,,,,,,,,,,,,,,,,,,,,,,,,,,,,,,,,,,,,,,,,,,,,,,,,,,,,,,,,,,,,,,,,,,,,
,,,,,,,,,,,{},,,,P (mg/dm3) 8.7 2.6 29.9 14.9 7.25 54.12 16.34 8.21 55.1 < 0.001 *** *** * Ca (mg/dm3) 383 219.68 57.4 936 457.12 45.21 1044 481.88 41 < 0.001 *** *** * Mg (mg/dm3) 162 77.74 48 102 43.44 42.6 100 72.13 44.21 < 0.001 *** *** * Lantana cover (%) 0 (± 2.92) 35 (± 2.01) 85 (± 3.01) < 0.001,0.0,d5969ff16dc5.pdf,e3712bea,,,,,,,,,,,,,,,,,,,,,,,,,,,,,,,,,,,,,,,,,,,,,,,,,,,,,,,,,,,,,,,,,,,,,,,,
Rhus typhina,roots,,root extracts,10.0,Tagetes erecta,,,,,,{},,,,Invasive species Rhus typhina root extracts inhibited growth of Tagetes erecta at 10 mg/mL,0.0,d228c6cd10d8.html,c1c821ea,,,,,,,,,,,,,,,,,,,,,,,,,,,,,,,,,,,,,,,,,,,,,,,,,,,,,,,,,,,,,,,,,,,,,,,,
Rhus typhina,roots,deionized water,"shaken at 50 rpm for 4:00h, then concentrated by rotary evaporation and freeze-dried",,Tagetes erecta,L.,,,,,{},,,,,0.0,d228c6cd10d8.html,c1c821ea,,,,,,,,,,,,,,,,,,,,,,,,,,,,,,,,,,,,,,,,,,,,,,,,,,,,,,,,,,,,,,,,,,,,,,,,
Tagetes erecta,root,distilled water,root extract preparation,10.0,Rhus typhina,,,,,,{},,,,Root extracts at 10 mg/mL reduced root length by 13.13% in T. erecta (P < 0.05).,0.0,d228c6cd10d8.html,c1c821ea,,,,,,,,,,,,,,,,,,,,,,,,,,,,,,,,,,,,,,,,,,,,,,,,,,,,,,,,,,,,,,,,,,,,,,,,
R. typhina,roots,,controlled growth chamber,,,,,,,,{},,,,,0.0,d228c6cd10d8.html,c1c821ea,,,,,,,,,,,,,,,,,,,,,,,,,,,,,,,,,,,,,,,,,,,,,,,,,,,,,,,,,,,,,,,,,,,,,,,,
,,,,,,,,,,,{},,,,,0.0,d228c6cd10d8.html,c1c821ea,,,,,,,,,,,,,,,,,,,,,,,,,,,,,,,,,,,,,,,,,,,,,,,,,,,,,,,,,,,,,,,,,,,,,,,,
,,,,,,,,,,,{},,,,,0.0,d228c6cd10d8.html,c1c821ea,,,,,,,,,,,,,,,,,,,,,,,,,,,,,,,,,,,,,,,,,,,,,,,,,,,,,,,,,,,,,,,,,,,,,,,,
Solanum lycopersicum L.,roots,distilled water,aqueous extraction,800.0,Solanum lycopersicum L.,Roma VF,,,,,{},28.0,42.0,,"Application of P. lilacinus twice (at transplanting and two weeks after transplanting) in combination with 0.80 g mL-1 of L. camara leaf extract was the most effective treatment in gall and egg mass inhibition, growth enhancement and dry matter accumulation. This reduced the gall index from 4.00 to 1.50.",0.0,e676b31cebb2.pdf,118e4dcf,,,,,,,,,,,,,,,,,,,,,,,,,,,,,,,,,,,,,,,,,,,,,,,,,,,,,,,,,,,,,,,,,,,,,,,,
Lantana camara,leaf,water,dilution,,Solanum lycopersicum,,,,,,{},,,,Lantana camara leaf extract (0.20-0.80 g mL⁻¹) significantly reduced root gall index and egg mass production in tomato plants infected with Meloidogyne incognita. Double application with Paecilomyces lilacinus enhanced efficacy. The extract contains nematicidal compounds such as camarolic acid and pentacyclic triterpenoids.,0.0,e676b31cebb2.pdf,118e4dcf,,,,,,,,,,,,,,,,,,,,,,,,,,,,,,,,,,,,,,,,,,,,,,,,,,,,,,,,,,,,,,,,,,,,,,,,
Solanum lycopersicum,leaf,water,aqueous extraction,800.0,Solanum lycopersicum,,,,,,{},,,,L. camara leaf extract (0.80 g/mL) and P. lilacinus applied twice significantly reduced root-knot nematode galling in tomato plants.,0.0,e676b31cebb2.pdf,118e4dcf,,,,,,,,,,,,,,,,,,,,,,,,,,,,,,,,,,,,,,,,,,,,,,,,,,,,,,,,,,,,,,,,,,,,,,,,
Justicia adhatoda,leaves,water,soxhlet,,Lantana camara,var. camara,,,,,{},,,,Native species like Justicia adhatoda demonstrated promising results in controlling Lantana camara in both pot and field experiments.,0.0,e7b475012355.pdf,e58048ac,,,,,,,,,,,,,,,,,,,,,,,,,,,,,,,,,,,,,,,,,,,,,,,,,,,,,,,,,,,,,,,,,,,,,,,,
,,,,,,,,,,,{},,,,,0.0,e7b475012355.pdf,e58048ac,,,,,,,,,,,,,,,,,,,,,,,,,,,,,,,,,,,,,,,,,,,,,,,,,,,,,,,,,,,,,,,,,,,,,,,,
,,,,,,,,,,,{},,,,,0.0,e7b475012355.pdf,e58048ac,,,,,,,,,,,,,,,,,,,,,,,,,,,,,,,,,,,,,,,,,,,,,,,,,,,,,,,,,,,,,,,,,,,,,,,,
Lantana camara,leaves,,,,Lantana,,,,,,"{""flavonoids"": ""Present"", ""furanonaphthoquinones"": ""Present"", ""iridoid glycosides"": ""Present"", ""phenylethanoid glycosides"": ""Present"", ""steroids"": ""Present"", ""terpenes"": ""Present""}",,,,"Lantana camara is known to cause photosensitization in ruminants; contains lantadenes A and B. Traditional uses include treatment of tuberculosis, bronchitis, and as a pesticide.",0.0,e82bf27cb8a6.pdf,8fd28e98,,,,,,,,,,,,,,,,,,,,,,,,,,,,,,,,,,,,,,,,,,,,,,,,,,,,,,,,,,,,,,,,,,,,,,,,
L. lilacina Desf.,leaves,water,decoction,,,,,,,,{},,,,"Used in traditional medicine for stomach ache relief (Innocent et al., 2008).",0.0,e82bf27cb8a6.pdf,8fd28e98,,,,,,,,,,,,,,,,,,,,,,,,,,,,,,,,,,,,,,,,,,,,,,,,,,,,,,,,,,,,,,,,,,,,,,,,
Lantana,,,,,,,,,,,{},,,,"Based on the provided excerpt from *Revista Brasileira de Farmacognosia* (2012), here's a clear, structured breakdown of the **chemical compounds and structural patterns** isolated from *Lantana* species (primarily *L. camara*), along with their biological significance. This summary focuses on **key classes**, **structural classifications**, and **practical implications** for pharmacognosy research.

---

### **1. Major Compound Classes in *Lantana* (with Examples)**
| **Class**                     | **Compounds** | **Key Structural Features**                                                                 | **Source Species**                     | **Biological Relevance**                              |
|-------------------------------|----------------|------------------------------------------------------------------------------------------|-----------------------------------------|-------------------------------------------------------|
| **Triterpenoid Acids**        | 60–64, 65–67, 69 | - **Betulinic acid (65)**: Pentacyclic triterpene (lupane-type)<br>- **Betulonic acid (66)**: Oxidized betulin<br>- **Betulonol (67)**: Hydroxylated derivative<br>- **Lupenoid analogues (68)**: Modified lupane skeleton<br>- **Camarolide (64)**: Diterpene lactone | *L. camara* (aerial parts, stems, leaves) | Anti-inflammatory, anticancer, antiviral activity (betulinic acid is a known anticancer lead) |
| **Flavonoids**                | 75–107 (33 compounds) | - **Skeleton-X**: 2 compounds (75, 76)<br>- **Skeleton-XI**: 29 compounds (77–107) | *Lantana* spp. (e.g., *L. camara*, *L. chinensis*) | Antioxidant, anti-inflammatory, UV-protection (common in *Lantana* defense) |
| **Furanonaphthoquinones**     | 124–133 (10 compounds) | - **Skeleton-XVI**: 2 compounds (124, 125)<br>- **Skeleton-XVII**: 2 compounds (126, 127)<br>- **Individual structures**: 6 compounds | *Lantana* spp. | Antimicrobial, cytotoxic (quinoones often target cancer cells) |
| **Phenylethanoid Glycosides** | 108–123 (16 compounds) | - **Skeleton-XII**: 2 compounds (108, 109)<br>- **Skeleton-XIII**: 5 compounds (112–116)<br>- **Skeleton-XIV/XV**: 2 and 4 compounds | *L. camara*, *L. chinensis* | Anti-inflammatory, antiviral (e.g., *L. camara* extracts used in traditional medicine) |
| **Iridoid Glycosides**        | 134–141 (8 compounds) | - **Skeleton-XVIII**: 3 compounds (134–136)<br>- **Skeleton-XIX**: 3 compounds (137–139)<br>- **Individual structures**: 2 compounds (140, 141) | *L. camara*, *L. chinensis* | Antimalarial, anti-inflammatory (iridoids are defense compounds in plants) |
|
> 💡 **Why this matters**: *Lantana* species (especially *L. camara*) are **medicinally significant weeds** with high chemical diversity. These compounds are studied for:
> - **Anticancer activity** (e.g., betulinic acid targets cancer cell mitochondria).
> - **Antimicrobial applications** (e.g., furanonaphthoquinones disrupt bacterial membranes).
> - **Traditional uses** (e.g., *L. camara* used in Ayurveda for wound healing).
|

---

### **2. Critical Structural Classifications (Skeletal Patterns)**
The text uses **skeletal numbering (Skeleton-X, Skeleton-XI, etc.)** to group compounds by shared molecular frameworks. This is crucial for predicting bioactivity and biosynthesis:

| **Skeleton** | **Description**                                                                 | **Number of Compounds** | **Key Examples**                     |
|---------------|-------------------------------------------------------------------------------|-------------------------|--------------------------------------|
| **Skeleton-X** | Flavonoid core with specific hydroxyl/ester groups                             | 2                        | Compounds 75, 76                    |
| **Skeleton-XI** | Flavonoid backbone (most common in *Lantana*)                                  | 29                       | Compounds 77–107                    |
| **Skeleton-XVI** | Furanonaphthoquinone with α,β-unsaturated carbonyl                            | 2                        | Compounds 124, 125                  |
| **Skeleton-XVII** | Furanonaphthoquinone with α,β-unsaturated carbonyl                            | 2                        | Compounds 126, 127                  |

---

Let me know if you'd like help interpreting specific compounds, designing experiments, or comparing *Lantana* to other medicinal plants! 🌿🔬",0.0,e82bf27cb8a6.pdf,8fd28e98,,,,,,,,,,,,,,,,,,,,,,,,,,,,,,,,,,,,,,,,,,,,,,,,,,,,,,,,,,,,,,,,,,,,,,,,
Humulus scandens,root,ethyl acetate,solvent extraction,,Alternanthera philoxeroides,,,,,,{},,,,"Ethyl acetate extract showed strongest inhibition on growth; 5 new compounds identified: dibutyl phthalate, stigmasta-3,5-diene, 2,6-Di-tert-butylphenol, campesterol, neophytadiene",0.0,e9349e912354.pdf,3685aa05,,,,,,,,,,,,,,,,,,,,,,,,,,,,,,,,,,,,,,,,,,,,,,,,,,,,,,,,,,,,,,,,,,,,,,,,
A. philoxeroides,seedling,Petroleum ether,Solvent extraction,,H. scandens,,,,,,{},,,,Petroleum ether extract of H. scandens reduced biomass by 16-68% compared to control; significant effects on root/shoot ratio and leaf area observed,0.0,e9349e912354.pdf,3685aa05,,,,,,,,,,,,,,,,,,,,,,,,,,,,,,,,,,,,,,,,,,,,,,,,,,,,,,,,,,,,,,,,,,,,,,,,
H. scandens,root,Ethyl acetate,Soxhlet extraction,2.0,A. philoxeroides,,,-0.31,-0.17,,{},28.0,15.0,,Allelopathic effects of H. scandens root extracts on A. philoxeroides,0.0,e9349e912354.pdf,3685aa05,,,,,,,,,,,,,,,,,,,,,,,,,,,,,,,,,,,,,,,,,,,,,,,,,,,,,,,,,,,,,,,,,,,,,,,,
Alternanthera philoxeroides,leaves,n-hexane,GC-MS,,,,,,,,{},4.0,,,store at 4 °C for testing (the whole process of leaf treatment is performed under low temperature conditions).,0.0,e9349e912354.pdf,3685aa05,,,,,,,,,,,,,,,,,,,,,,,,,,,,,,,,,,,,,,,,,,,,,,,,,,,,,,,,,,,,,,,,,,,,,,,,
Lantana camara var. camara,young leaves,air,fumigation,,Lantana camara,var. camara,13,,,,{},,,,"Lantana camara oil vapors showed autotoxic effects on the parent plant, reducing germination by >50% at higher concentrations.",0.0,fde7b140da92.pdf,aaab6dcd,,,,,,,,,,,,,,,,,,,,,,,,,,,,,,,,,,,,,,,,,,,,,,,,,,,,,,,,,,,,,,,,,,,,,,,,
Lantana camara,leaves,air,vapor exposure,,Lantana camara,var. camara,,,,,{},,,,"Lantana oil vapors from L. camara var. camara induced autotoxic effects, including increased chlorophyll degradation and respiration rates in parent plant leaves, with potential cell death at higher concentrations.",0.0,fde7b140da92.pdf,aaab6dcd,,,,,,,,,,,,,,,,,,,,,,,,,,,,,,,,,,,,,,,,,,,,,,,,,,,,,,,,,,,,,,,,,,,,,,,,
Parthenium hysterophorus,whole plant,water,aqueous extract,,Avena sativa,,23.3,,,,{},,,,Germination percentage of oat reduced to 23.3% with Parthenium hysterophorus extract (5% w/v).,0.95,f35956d99bda.pdf,714d9be5,,,,,,,,,,,,,,,,,,,,,,,,,,,,,,,,,,,,,,,,,,,,,,,,,,,,,,,,,,,,,,,,,,,,,,,,
L. camara,root,aqueous,rhizospheric soil,,T. aestivum,,33.3,7.3,13.1,,{},,,,Significant reduction in root growth (P ≤ 0.05) compared to control,0.95,f35956d99bda.pdf,714d9be5,,,,,,,,,,,,,,,,,,,,,,,,,,,,,,,,,,,,,,,,,,,,,,,,,,,,,,,,,,,,,,,,,,,,,,,,
L. camara,root,water,soil water extraction,,Oryza sativa,,,10.8,27.7,,{},,,,"Rhizospheric soil of L. camara showed significantly lower root length (10.8 mm) and seedling length (27.7 mm) compared to other crops. Germination percentage was reduced, indicating phytotoxic effects.",0.0,f35956d99bda.pdf,714d9be5,,,,,,,,,,,,,,,,,,,,,,,,,,,,,,,,,,,,,,,,,,,,,,,,,,,,,,,,,,,,,,,,,,,,,,,,
Lantana camara,leaves and flowers,ethyl acetate,solvent extraction,9.4,,,,,,,{},,,,Ethyl acetate extract of Lantana camara leaves and flowers showed minimum inhibitory concentration (MIC) of 9.4±4.4 mg/ml against Mycobacterium tuberculosis strains,0.0,f2a2af9157a2.pdf,4528370c,,,,,,,,,,,,,,,,,,,,,,,,,,,,,,,,,,,,,,,,,,,,,,,,,,,,,,,,,,,,,,,,,,,,,,,,
Lantana camara,leaf,water,disc diffusion,,,,,,,,{},,,,,0.95,f2a2af9157a2.pdf,4528370c,,,,,,,,,,,,,,,,,,,,,,,,,,,,,,,,,,,,,,,,,,,,,,,,,,,,,,,,,,,,,,,,,,,,,,,flavonoid,antibacterial
L. camara,leaves,ethanol,disc diffusion method,2.0,,,,,,,{},,,,L. camara leaf extracts demonstrated antibacterial activity against S. aureus (inhibition zone 6 mm) and other pathogens via disc diffusion method at concentrations of 2-10 mg/ml.,,f2a2af9157a2.pdf,4528370c,,,,,,,,,,,,,,,,,,,,,,,,,,,,,,,,,,,,,,,,,,,,,,,,,,,,,,,,,,,,,,,,,,,,,,,,
L. camara,leaves,methanol,hot,,,,,,,,"{""parthenin"": ""isolated""}",,,,"L. camara leaves showed antibacterial activity against E. coli, S. aureus, and Pseudomonas spp. with highest inhibition zone of 28 mm in methanol extract. Parthenin was isolated as a bioactive compound.",0.0,f2a2af9157a2.pdf,4528370c,,,,,,,,,,,,,,,,,,,,,,,,,,,,,,,,,,,,,,,,,,,,,,,,,,,,,,,,,,,,,,,,,,,,,,,,
Lantana camara,leaves,water,ethanol,5.0,Lantana camara,,6.67,,,,{},,,,"Lantana camara extracts demonstrate antimicrobial activity against various bacterial and fungal species. Methanol and aqueous extracts showed MIC values of 500 μg/ml and 312.5 μg/ml, respectively. The leaf extract enhanced seed germination by 6.67% and inhibited aflatoxin B1 production by 72.36%.",0.0,f2a2af9157a2.pdf,4528370c,,,,,,,,,,,,,,,,,,,,,,,,,,,,,,,,,,,,,,,,,,,,,,,,,,,,,,,,,,,,,,,,,,,,,,,,
L. camara,stem,ethanol,in vitro,,,,,,,,{},,,,Stem extract inhibited L. camara and was also observed Cw. haelbreicina nMs ICs ranged betweeMna 1la6s asenzdia 6 4fu μrgfu/rm l [37].,0.0,f2a2af9157a2.pdf,4528370c,,,,,,,,,,,,,,,,,,,,,,,,,,,,,,,,,,,,,,,,,,,,,,,,,,,,,,,,,,,,,,,,,,,,,,,,
,,,,,,,,,,,{},,,,,0.0,f4cd9bd37872.pdf,24588513,,,,,,,,,,,,,,,,,,,,,,,,,,,,,,,,,,,,,,,,,,,,,,,,,,,,,,,,,,,,,,,,,,,,,,,,
,,,,,grain,,,,,,{},,,,,0.0,f4cd9bd37872.pdf,24588513,,,,,,,,,,,,,,,,,,,,,,,,,,,,,,,,,,,,,,,,,,,,,,,,,,,,,,,,,,,,,,,,,,,,,,,,
,,,,,,,,,,,{},,,,,0.0,f4cd9bd37872.pdf,24588513,,,,,,,,,,,,,,,,,,,,,,,,,,,,,,,,,,,,,,,,,,,,,,,,,,,,,,,,,,,,,,,,,,,,,,,,
,,,,,,,,,,,{},,,,Bacterial inoculants such as Azospirillum and Bacillus spp. produce gibberellins and ACC deaminase to enhance plant growth and alleviate drought/salinity stress by reducing ethylene (ET) levels.,0.0,f4cd9bd37872.pdf,24588513,,,,,,,,,,,,,,,,,,,,,,,,,,,,,,,,,,,,,,,,,,,,,,,,,,,,,,,,,,,,,,,,,,,,,,,,
Choricarpia leptopetala,seedling,,,,Choricarpia leptopetala,,,,,,{},,,,Lantana camara suppresses Choricarpia leptopetala growth by 36.4% (3.3 to 2.1 g plant⁻¹) at 20 seedlings/m² with nutrient addition in disturbed wet sclerophyll forest.,0.0,ffc76c0be79b.pdf,7f04f79c,,,,,,,,,,,,,,,,,,,,,,,,,,,,,,,,,,,,,,,,,,,,,,,,,,,,,,,,,,,,,,,,,,,,,,,,
C. leptopetala,seedling,,,,,,,,,,{},,,,,0.0,ffc76c0be79b.pdf,7f04f79c,,,,,,,,,,,,,,,,,,,,,,,,,,,,,,,,,,,,,,,,,,,,,,,,,,,,,,,,,,,,,,,,,,,,,,,,
C. leptopetala,seedling,,,,L. camara,,,,,,{},,,,"L. camara significantly suppressed C. leptopetala seedling biomass, with the strongest effect observed at 75% L. camara composition (1.2 g plant⁻¹ with nutrients vs 3.7 g plant⁻¹ without nutrients). Suppression was both nutrient-dependent and density-dependent.",0.0,ffc76c0be79b.pdf,7f04f79c,,,,,,,,,,,,,,,,,,,,,,,,,,,,,,,,,,,,,,,,,,,,,,,,,,,,,,,,,,,,,,,,,,,,,,,,
Pinus roxburghii,needles,methanol,extraction at 30°C for 24h on orbital shaker (160 rpm),,Triticum aestivum,,,,,,{},28.0,,,,0.0,ff078799ae4a.pdf,81f29fe0,,,,,,,,,,,,,,,,,,,,,,,,,,,,,,,,,,,,,,,,,,,,,,,,,,,,,,,,,,,,,,,,,,,,,,,,
,,,,,,,,,,,{},,,,"1LSD 2.3332 1.4291 0.8679 1.2428 0.7319 0.8297
2F-value 27.95* 23.83* 81.03* 29.85* 219.87* 222.41*
Means followed by different letters within one column differ significantly at P < 5%
*Significant at P < 1%
APPLIED ECOLOGY AND ENVIRONMENTAL RESEARCH 17(2):1717-1739.
http://www.aloki.hu ● ISSN 1589 1623 (Print) ● ISSN 1785 0037 (Online)
DOI: http://dx.doi.org/10.15666/aeer/1702_17171739
• 2019, ALÖKI Kft., Budapest, Hungary",0.0,ff078799ae4a.pdf,81f29fe0,,,,,,,,,,,,,,,,,,,,,,,,,,,,,,,,,,,,,,,,,,,,,,,,,,,,,,,,,,,,,,,,,,,,,,,,
